{"b'00117216.jpg'": [[149.45706176757812, 136.42527770996094], [120.23912048339844, 132.62152099609375], [98.47502899169922, 120.87578582763672], [80.46566772460938, 110.69107818603516], [59.006404876708984, 92.9111557006836], [107.39546966552734, 107.46976470947266], [102.91082763671875, 92.32353973388672], [98.93511199951172, 84.10160064697266], [99.27352142333984, 73.53392791748047], [114.12062072753906, 115.18534851074219], [100.42137908935547, 120.60477447509766], [90.19577026367188, 125.90704345703125], [81.09137725830078, 126.64494323730469], [127.50939178466797, 124.35406494140625], [116.04476928710938, 126.60340881347656], [108.75060272216797, 131.24815368652344], [100.52090454101562, 133.48843383789062], [137.98272705078125, 132.6192169189453], [134.13970947265625, 134.89498901367188], [130.72903442382812, 137.78770446777344], [126.86099243164062, 136.56137084960938]], "b'00117217.jpg'": [[66.74275970458984, 122.50172424316406], [76.83887481689453, 100.51074981689453], [80.8979263305664, 85.47722625732422], [90.47965240478516, 78.34962463378906], [97.8642807006836, 65.99633026123047], [97.82108306884766, 101.64079284667969], [114.34687805175781, 99.78804016113281], [128.7733917236328, 97.5849609375], [146.1426544189453, 94.0927734375], [107.14089965820312, 116.8502197265625], [126.58744812011719, 116.05049133300781], [141.2624969482422, 112.44105529785156], [158.20826721191406, 107.22824096679688], [110.0111312866211, 130.9250946044922], [127.3830337524414, 128.3806915283203], [142.03167724609375, 124.50531005859375], [156.3692169189453, 116.82005310058594], [112.32276916503906, 138.765625], [125.71746826171875, 138.4405517578125], [137.26458740234375, 135.3108673095703], [149.77662658691406, 130.75057983398438]], "b'00117218.jpg'": [[147.16067504882812, 126.15782928466797], [143.8091583251953, 114.56808471679688], [134.9362030029297, 105.59484100341797], [119.50443267822266, 104.89739990234375], [101.82304382324219, 103.81695556640625], [105.47631072998047, 89.0627670288086], [90.02241516113281, 89.21218872070312], [87.36067199707031, 98.91077423095703], [91.40526580810547, 114.54541015625], [92.22710418701172, 100.02449798583984], [80.54421997070312, 105.1121826171875], [81.09732055664062, 115.8599853515625], [83.72049713134766, 130.49351501464844], [89.76844024658203, 117.1216812133789], [76.7372817993164, 119.02449035644531], [72.4735107421875, 128.77354431152344], [72.26016235351562, 139.8218231201172], [91.51751708984375, 131.83349609375], [79.63812255859375, 134.10057067871094], [72.25474548339844, 138.10426330566406], [63.4691162109375, 142.4476776123047]], "b'00117219.jpg'": [[153.73516845703125, 139.65499877929688], [148.64279174804688, 136.8189697265625], [149.1731719970703, 125.599365234375], [145.25669860839844, 113.68887329101562], [147.21200561523438, 98.32778930664062], [122.80613708496094, 105.97306823730469], [105.84992218017578, 94.97549438476562], [92.06022644042969, 90.12834167480469], [77.18811798095703, 80.80296325683594], [112.04268646240234, 104.83912658691406], [94.66799926757812, 96.36756134033203], [80.3192367553711, 92.4548110961914], [66.24706268310547, 81.43010711669922], [108.84738159179688, 112.95362854003906], [95.32500457763672, 104.13319396972656], [80.75648498535156, 99.51654815673828], [65.80957794189453, 91.15956115722656], [106.83038330078125, 121.81327819824219], [95.08110046386719, 117.2208251953125], [84.63573455810547, 113.4806900024414], [74.4106216430664, 105.96597290039062]], "b'00117220.jpg'": [[148.0146026611328, 130.1918182373047], [139.95928955078125, 127.58692932128906], [135.5854034423828, 121.33283996582031], [126.34169006347656, 117.89916229248047], [113.68379211425781, 116.56558227539062], [116.8121109008789, 101.57878112792969], [102.4845962524414, 96.61721801757812], [92.03874206542969, 98.35196685791016], [78.8830795288086, 98.94992065429688], [108.73226165771484, 100.8642349243164], [93.20439147949219, 94.62066650390625], [80.80931854248047, 93.13330078125], [67.07584381103516, 87.13600158691406], [108.0713119506836, 108.24268341064453], [95.49018859863281, 100.61936950683594], [83.0486831665039, 97.87161254882812], [69.86221313476562, 93.06725311279297], [107.77700805664062, 116.73091125488281], [97.49952697753906, 113.85261535644531], [88.5976791381836, 111.78091430664062], [79.51347351074219, 106.92804718017578]], "b'00117221.jpg'": [[128.4257354736328, 75.51611328125], [111.2957992553711, 75.88420104980469], [105.6812515258789, 72.95040130615234], [98.3746337890625, 73.9438247680664], [84.26608276367188, 74.49451446533203], [108.7453842163086, 108.44965362548828], [107.50849151611328, 121.55204772949219], [109.05887603759766, 129.70907592773438], [109.3368148803711, 139.6925811767578], [111.29639434814453, 122.03379821777344], [110.50306701660156, 136.75892639160156], [107.39824676513672, 147.66038513183594], [107.94092559814453, 159.5626220703125], [113.99995422363281, 127.66830444335938], [113.09638977050781, 140.36769104003906], [113.1483154296875, 152.45199584960938], [112.77442169189453, 163.44332885742188], [116.48211669921875, 130.25880432128906], [115.03097534179688, 142.73109436035156], [114.28690338134766, 153.91619873046875], [114.36416625976562, 165.2563934326172]], "b'00117222.jpg'": [[77.31853485107422, 127.31342315673828], [96.60720825195312, 121.70162200927734], [111.6781005859375, 116.32205200195312], [125.3084716796875, 114.66238403320312], [144.04443359375, 113.61842346191406], [118.11003112792969, 98.40937042236328], [134.93243408203125, 98.80397033691406], [147.55230712890625, 103.67725372314453], [162.85009765625, 106.90481567382812], [119.00113677978516, 102.24501037597656], [135.66610717773438, 104.65011596679688], [147.86521911621094, 111.21758270263672], [162.83619689941406, 117.63438415527344], [113.3711929321289, 113.72356414794922], [129.2811279296875, 115.58567810058594], [141.81007385253906, 122.6141128540039], [154.0931396484375, 130.04750061035156], [110.23390197753906, 124.57852172851562], [122.29833984375, 125.62516784667969], [132.2447052001953, 128.36903381347656], [143.5701141357422, 130.40733337402344]], "b'00117223.jpg'": [[143.7915496826172, 109.13970947265625], [130.53387451171875, 95.93505859375], [117.68569946289062, 93.1314697265625], [105.26148986816406, 97.244384765625], [89.04218292236328, 94.7301254272461], [88.64881896972656, 99.57362365722656], [73.80620574951172, 100.50708770751953], [76.03356170654297, 99.90387725830078], [87.71541595458984, 97.26478576660156], [87.6406478881836, 115.5063705444336], [75.12528228759766, 119.13529205322266], [73.58583068847656, 118.23406982421875], [73.10369110107422, 114.905517578125], [101.06493377685547, 127.77583312988281], [95.05669403076172, 125.99639892578125], [98.88642883300781, 121.18891906738281], [105.55338287353516, 112.355224609375], [113.63066101074219, 133.70037841796875], [110.76740264892578, 130.58338928222656], [112.51565551757812, 125.67803192138672], [114.34236145019531, 118.69554901123047]], "b'00117224.jpg'": [[81.09504699707031, 85.39066314697266], [54.525917053222656, 90.73155975341797], [31.57733917236328, 80.29554748535156], [13.755131721496582, 75.06147003173828], [-14.202356338500977, 64.45903015136719], [81.7068099975586, 86.01036834716797], [86.27034759521484, 98.81556701660156], [88.38489532470703, 114.58534240722656], [91.7912826538086, 131.5543212890625], [104.38043975830078, 95.106201171875], [108.05729675292969, 111.45118713378906], [109.87734985351562, 127.33628845214844], [113.50584411621094, 141.6688995361328], [123.16876220703125, 104.98724365234375], [123.89678955078125, 121.08558654785156], [124.52315521240234, 139.0751190185547], [122.12928771972656, 156.98898315429688], [135.7758331298828, 115.30970001220703], [143.10845947265625, 128.92616271972656], [146.2010955810547, 143.2881622314453], [147.66152954101562, 156.6628875732422]],