{"pck_res": [0.0, 0.037142857909202576, 0.12999999523162842, 0.25, 0.40095236897468567, 0.5514285564422607, 0.6842857003211975, 0.7814285755157471, 0.857619047164917, 0.9085714221000671, 0.9419047832489014, 0.9633333086967468, 0.973809540271759, 0.9828571677207947, 0.9904761910438538, 0.9933333396911621, 0.9957143068313599, 0.9976190328598022, 0.9985714554786682, 0.9990476369857788], "AUC": 0.6969285748898983}