{"0.0": 0.0, "0.05": 0.12761904761904755, "0.1": 0.38, "0.15000000000000002": 0.5961904761904763, "0.2": 0.7523809523809519, "0.25": 0.8599999999999991, "0.30000000000000004": 0.9166666666666659, "0.35000000000000003": 0.9438095238095232, "0.4": 0.9628571428571425, "0.45": 0.9780952380952379, "0.5": 0.9847619047619048, "0.55": 0.9909523809523807, "0.6000000000000001": 0.9928571428571427, "0.65": 0.9957142857142856, "0.7000000000000001": 0.9971428571428571, "0.75": 0.9976190476190476, "0.8": 0.9985714285714287, "0.8500000000000001": 0.999047619047619, "0.9": 0.999047619047619}