{"0.0": 0.0, "0.05": 0.08999999999999998, "0.1": 0.28857142857142837, "0.15000000000000002": 0.5090476190476191, "0.2": 0.6961904761904759, "0.25": 0.7995238095238091, "0.30000000000000004": 0.8757142857142856, "0.35000000000000003": 0.93095238095238, "0.4": 0.9580952380952374, "0.45": 0.9757142857142855, "0.5": 0.9866666666666665, "0.55": 0.9909523809523807, "0.6000000000000001": 0.9947619047619046, "0.65": 0.9957142857142856, "0.7000000000000001": 0.9976190476190476, "0.75": 0.999047619047619, "0.8": 0.9995238095238095, "0.8500000000000001": 0.9995238095238095, "0.9": 0.9995238095238095}