{"0.0": 0.0, "0.05": 0.06095238095238093, "0.1": 0.2042857142857141, "0.15000000000000002": 0.40047619047619043, "0.2": 0.5857142857142853, "0.25": 0.7195238095238092, "0.30000000000000004": 0.8147619047619044, "0.35000000000000003": 0.8914285714285712, "0.4": 0.9380952380952379, "0.45": 0.9671428571428564, "0.5": 0.9809523809523806, "0.55": 0.9904761904761902, "0.6000000000000001": 0.9942857142857142, "0.65": 0.9976190476190476, "0.7000000000000001": 0.9976190476190476, "0.75": 0.9985714285714287, "0.8": 0.9985714285714287, "0.8500000000000001": 0.9985714285714287, "0.9": 0.999047619047619}