{"0.0": 0.0, "0.05": 0.19047619047619047, "0.1": 0.26190476190476186, "0.15000000000000002": 0.45238095238095233, "0.2": 0.5476190476190477, "0.25": 0.6904761904761905, "0.30000000000000004": 0.8333333333333333, "0.35000000000000003": 0.9285714285714286, "0.4": 0.9761904761904762, "0.45": 1.0, "0.5": 1.0, "0.55": 1.0, "0.6000000000000001": 1.0, "0.65": 1.0, "0.7000000000000001": 1.0, "0.75": 1.0, "0.8": 1.0, "0.8500000000000001": 1.0, "0.9": 1.0}