{"pck_res": [0.0, 0.0019047618843615055, 0.0071428571827709675, 0.012857142835855484, 0.025714285671710968, 0.036666665226221085, 0.04809523746371269, 0.0652380958199501, 0.08238095045089722, 0.10333333164453506, 0.1257142871618271, 0.1495238095521927, 0.17095237970352173, 0.19333332777023315, 0.22285714745521545, 0.24523809552192688, 0.27000001072883606, 0.2971428632736206, 0.32952380180358887, 0.36047619581222534, 0.39095237851142883, 0.41999998688697815, 0.44952380657196045, 0.47904762625694275, 0.5019047856330872, 0.5404762029647827, 0.5709523558616638, 0.6014285683631897, 0.6319047808647156, 0.6580952405929565, 0.6752380728721619, 0.6938095092773438, 0.7157142758369446, 0.7357142567634583, 0.758571445941925, 0.7757142782211304, 0.7895237803459167, 0.808571457862854, 0.8214285969734192, 0.8371428847312927, 0.8500000238418579, 0.8600000143051147, 0.8733333349227905, 0.8833333253860474, 0.8919047713279724, 0.903333306312561, 0.9100000262260437, 0.9180952310562134, 0.9228571653366089, 0.930476188659668, 0.9366666674613953, 0.942380964756012, 0.9476190209388733, 0.95333331823349, 0.9571428298950195, 0.961904764175415, 0.9633333086967468, 0.9666666388511658, 0.9685714244842529, 0.9714285731315613, 0.9723809361457825, 0.973809540271759, 0.9752380847930908, 0.977142870426178, 0.9790475964546204, 0.9819047451019287, 0.9828571677207947, 0.9842857122421265, 0.9861904978752136, 0.9866666793823242, 0.989047646522522, 0.9895238280296326, 0.991428554058075, 0.9919047355651855, 0.9923809766769409, 0.9928571581840515, 0.9933333396911621, 0.9938095211982727, 0.9942857027053833, 0.9947618842124939, 0.9947618842124939, 0.9952380657196045, 0.9957143068313599, 0.9957143068313599, 0.9971428513526917, 0.9971428513526917, 0.9971428513526917, 0.9976190328598022, 0.9976190328598022, 0.9980952143669128, 0.9985714554786682, 0.9985714554786682, 0.9985714554786682, 0.9990476369857788, 0.9990476369857788, 0.9990476369857788, 0.9990476369857788, 0.9990476369857788, 0.9990476369857788, 0.9990476369857788, 0.9990476369857788], "AUC": 0.7355822726489404}