{"0.0": 0.0, "0.05": 0.11809523809523804, "0.1": 0.33999999999999986, "0.15000000000000002": 0.5452380952380952, "0.2": 0.7152380952380952, "0.25": 0.8257142857142852, "0.30000000000000004": 0.893333333333333, "0.35000000000000003": 0.9352380952380948, "0.4": 0.9599999999999994, "0.45": 0.9747619047619044, "0.5": 0.9866666666666665, "0.55": 0.9899999999999999, "0.6000000000000001": 0.995238095238095, "0.65": 0.9966666666666666, "0.7000000000000001": 0.9976190476190476, "0.75": 0.9980952380952381, "0.8": 0.9980952380952381, "0.8500000000000001": 0.9985714285714284, "0.9": 0.999047619047619}