{"b'00117216.jpg'": {"prd_label": [[134.1455841064453, 145.49070739746094], [115.98171997070312, 133.98362731933594], [102.16949462890625, 120.8729019165039], [92.35929870605469, 111.43659210205078], [80.54025268554688, 101.33769989013672], [111.57568359375, 102.5121078491211], [104.43289947509766, 90.31339263916016], [96.57731628417969, 85.45570373535156], [88.08422088623047, 79.48870849609375], [117.51058959960938, 103.1653823852539], [110.50804138183594, 93.2386474609375], [103.59097290039062, 89.90963745117188], [94.48957061767578, 85.3112564086914], [127.03018188476562, 111.27841186523438], [119.09566497802734, 103.23865509033203], [111.6708984375, 100.21280670166016], [102.06016540527344, 97.03652954101562], [131.58120727539062, 120.0145263671875], [126.90601348876953, 115.25972747802734], [121.05451965332031, 113.60836791992188], [113.49925994873047, 110.44416046142578]], "resol": 224}, "b'00117217.jpg'": {"prd_label": [[89.94966888427734, 124.83757019042969], [99.71566009521484, 108.81552124023438], [108.31719207763672, 94.07262420654297], [116.62234497070312, 88.71475219726562], [127.51629638671875, 81.70581817626953], [118.56458282470703, 101.13057708740234], [128.3831787109375, 99.42872619628906], [131.57545471191406, 100.5206298828125], [131.86012268066406, 100.4161605834961], [120.46253967285156, 112.09547424316406], [128.15162658691406, 112.35123443603516], [129.61996459960938, 114.03863525390625], [129.54779052734375, 113.24353790283203], [117.87348937988281, 126.53582000732422], [124.44119262695312, 124.64277648925781], [125.65738677978516, 124.83592987060547], [122.42658996582031, 123.68830871582031], [115.55184173583984, 137.10830688476562], [119.59896850585938, 136.49098205566406], [118.27153015136719, 136.80519104003906], [115.67776489257812, 135.43316650390625]], "resol": 224}, "b'00117218.jpg'": {"prd_label": [[139.6048583984375, 132.66403198242188], [131.14137268066406, 121.14306640625], [122.59191131591797, 108.8686294555664], [114.00743103027344, 102.94116973876953], [104.22543334960938, 96.9804458618164], [107.95761108398438, 99.38105773925781], [97.75946044921875, 93.55789947509766], [93.39525604248047, 93.64110565185547], [90.21776580810547, 93.48550415039062], [104.73640441894531, 106.53410339355469], [97.12689971923828, 103.5155258178711], [95.09819793701172, 105.32856750488281], [94.1731948852539, 106.90179443359375], [107.06510925292969, 118.93124389648438], [101.51517486572266, 116.47266387939453], [101.40760803222656, 117.82173156738281], [102.53314971923828, 118.17169189453125], [110.1583480834961, 130.11260986328125], [106.78559875488281, 130.26806640625], [107.20831298828125, 131.01583862304688], [107.50297546386719, 129.87803649902344]], "resol": 224}, "b'00117219.jpg'": {"prd_label": [[120.09976196289062, 127.29965209960938], [115.995849609375, 119.76979064941406], [112.46106719970703, 110.26138305664062], [109.75035095214844, 106.0123291015625], [107.33307647705078, 101.61121368408203], [113.85755920410156, 105.51907348632812], [111.76287078857422, 101.37897491455078], [108.75564575195312, 101.2061767578125], [105.14202880859375, 100.091552734375], [114.66407775878906, 110.28578186035156], [112.7137680053711, 108.22749328613281], [110.2643814086914, 109.18115997314453], [106.99329376220703, 108.4636459350586], [117.18708801269531, 119.177490234375], [115.36068725585938, 117.38673400878906], [113.08378601074219, 118.00813293457031], [109.09490966796875, 117.08301544189453], [118.65482330322266, 127.307373046875], [117.6113052368164, 126.86837768554688], [115.40667724609375, 127.14450073242188], [112.15573120117188, 126.19346618652344]], "resol": 224}, "b'00117220.jpg'": {"prd_label": [[117.09584045410156, 123.99032592773438], [114.5807113647461, 119.67414093017578], [111.94676208496094, 112.53436279296875], [110.13015747070312, 109.33977508544922], [108.98698425292969, 105.97034454345703], [113.0093002319336, 108.7567367553711], [111.94377899169922, 105.2808837890625], [110.11122131347656, 104.8819351196289], [108.46029663085938, 103.05307006835938], [113.89537048339844, 112.39739227294922], [113.3280029296875, 110.43450927734375], [112.64962768554688, 110.92317199707031], [111.74927520751953, 109.29678344726562], [116.09595489501953, 119.2714614868164], [115.77693176269531, 118.0123519897461], [115.46861267089844, 118.2031478881836], [113.61767578125, 116.84027099609375], [117.68472290039062, 125.85293579101562], [118.07000732421875, 125.85489654541016], [117.31668853759766, 126.16443634033203], [115.75889587402344, 125.23686981201172]], "resol": 224}, "b'00117221.jpg'": {"prd_label": [[118.60401153564453, 136.4893798828125], [119.6294937133789, 121.094482421875], [118.99613952636719, 106.26744842529297], [118.35870361328125, 97.97410583496094], [118.46870422363281, 88.72994232177734], [111.92256164550781, 102.2425308227539], [110.24530792236328, 94.75840759277344], [110.34001922607422, 92.55963134765625], [110.40805053710938, 90.44723510742188], [109.85696411132812, 109.60225677490234], [109.73858642578125, 104.88204956054688], [110.99474334716797, 104.96707153320312], [112.44483184814453, 104.74971008300781], [109.75160217285156, 122.9693832397461], [110.91718292236328, 118.528564453125], [113.1961441040039, 118.8118667602539], [114.68099975585938, 118.03563690185547], [111.04084777832031, 134.01712036132812], [112.2130126953125, 132.70945739746094], [113.71347045898438, 132.59934997558594], [114.52816009521484, 131.4351806640625]], "resol": 224}, "b'00117222.jpg'": {"prd_label": [[100.63239288330078, 121.37518310546875], [106.13468170166016, 113.98112487792969], [109.60533905029297, 105.27312469482422], [113.81727600097656, 102.49755859375], [120.10797119140625, 99.53901672363281], [115.51338195800781, 105.708251953125], [121.36854553222656, 103.45553588867188], [123.49951171875, 104.1543197631836], [125.4896240234375, 103.59927368164062], [117.06881713867188, 111.82311248779297], [122.51797485351562, 111.17008209228516], [125.11693572998047, 112.51134490966797], [127.7386245727539, 112.01799774169922], [116.73814392089844, 121.09453582763672], [121.91535186767578, 120.18170928955078], [124.76828002929688, 120.81981658935547], [124.95965576171875, 120.48406982421875], [116.7915267944336, 128.9948272705078], [120.77168273925781, 129.158447265625], [121.42369079589844, 129.89935302734375], [121.23654174804688, 129.429443359375]], "resol": 224}, "b'00117223.jpg'": {"prd_label": [[142.63490295410156, 126.39210510253906], [135.00991821289062, 120.89344787597656], [127.49717712402344, 112.91522979736328], [118.74063110351562, 109.70352172851562], [108.78890228271484, 107.09368896484375], [107.05611419677734, 102.09431457519531], [95.19666290283203, 99.02377319335938], [90.08834838867188, 101.10334777832031], [86.28173828125, 102.05467224121094], [101.91911315917969, 108.0567626953125], [92.89315795898438, 107.53095245361328], [89.8980484008789, 110.9084243774414], [88.35350799560547, 113.08527374267578], [103.63746643066406, 117.90941619873047], [96.78528594970703, 117.99232482910156], [96.04505157470703, 120.61666870117188], [96.52005767822266, 121.51993560791016], [106.77911376953125, 127.47763061523438], [102.3459701538086, 129.14682006835938], [102.12512969970703, 130.66744995117188], [101.94345092773438, 130.1702423095703]], "resol": 224},