{"00041222.jpg": [[123.44322204589844, 154.08340454101562], [132.52386474609375, 152.80648803710938], [133.20045471191406, 145.35157775878906], [122.3941879272461, 134.6071014404297], [102.0633544921875, 122.66343688964844], [144.49363708496094, 115.29296875], [149.91351318359375, 100.41830444335938], [149.86758422851562, 93.72822570800781], [150.37277221679688, 84.14888763427734], [129.2487335205078, 105.73030090332031], [123.59278869628906, 90.99503326416016], [116.57827758789062, 82.50365447998047], [109.07858276367188, 67.9005355834961], [112.08531188964844, 110.77202606201172], [108.41765594482422, 97.78784942626953], [101.71102142333984, 87.749267578125], [96.26512145996094, 75.23384094238281], [99.1955337524414, 119.46257019042969], [89.99960327148438, 113.94085693359375], [80.85833740234375, 107.97005462646484], [72.7668228149414, 98.24346160888672]], "00125838.jpg": [[141.04847717285156, 146.523681640625], [114.78931427001953, 132.9434814453125], [97.29393005371094, 120.9714584350586], [84.58512115478516, 113.21597290039062], [60.983924865722656, 108.75822448730469], [109.548828125, 84.44880676269531], [100.18920135498047, 73.45072937011719], [91.60714721679688, 80.51106262207031], [80.86648559570312, 95.39190673828125], [122.58861541748047, 84.73829650878906], [111.11475372314453, 82.3360366821289], [100.66036987304688, 91.46195983886719], [87.6770248413086, 105.7078628540039], [135.6789093017578, 97.4975357055664], [123.09207153320312, 92.60596466064453], [110.9412612915039, 101.70294952392578], [99.28359985351562, 115.65596008300781], [140.73727416992188, 110.5906982421875], [131.3026123046875, 107.54981231689453], [121.85222625732422, 112.40650939941406], [110.89712524414062, 121.77832794189453]], "00099481.jpg": [[101.72383880615234, 148.33653259277344], [117.52983093261719, 126.55406188964844], [129.6595001220703, 108.46646881103516], [145.40626525878906, 96.2574234008789], [165.22018432617188, 81.12569427490234], [105.67574310302734, 97.9705810546875], [102.2060775756836, 82.7600326538086], [109.28629302978516, 73.89317321777344], [122.3646011352539, 63.071739196777344], [100.87041473388672, 108.75480651855469], [101.22274017333984, 100.85499572753906], [111.25849914550781, 96.62202453613281], [127.56939697265625, 90.81715393066406], [101.6778793334961, 128.17959594726562], [106.70867156982422, 118.74290466308594], [120.63151550292969, 115.47737121582031], [140.7059783935547, 110.03358459472656], [105.22551727294922, 143.67300415039062], [111.86803436279297, 139.43008422851562], [122.91653442382812, 135.3898162841797], [136.81898498535156, 128.65956115722656]], "00089846.jpg": [[74.13653564453125, 118.16749572753906], [91.53829956054688, 104.54426574707031], [107.23274230957031, 93.40231323242188], [124.29386901855469, 91.36893463134766], [144.3919219970703, 86.92002868652344], [133.27427673339844, 92.8676528930664], [149.2677459716797, 96.07626342773438], [149.61404418945312, 103.12246704101562], [143.28594970703125, 111.22260284423828], [139.66830444335938, 107.55066680908203], [150.29832458496094, 113.25900268554688], [146.24488830566406, 117.44831085205078], [136.4129638671875, 120.0943603515625], [133.75233459472656, 124.97891235351562], [141.8715362548828, 127.0252456665039], [135.93141174316406, 128.71563720703125], [123.85285949707031, 126.79489135742188], [126.41999816894531, 137.95016479492188], [130.7103729248047, 139.58619689941406], [125.2991714477539, 138.00958251953125], [114.80919647216797, 132.97019958496094]], "00065533.jpg": [[155.22543334960938, 121.03799438476562], [143.20252990722656, 106.28032684326172], [133.8411865234375, 98.54114532470703], [129.38565063476562, 98.08934783935547], [130.1851806640625, 103.0658187866211], [109.7049789428711, 109.03073120117188], [92.78422546386719, 102.50041961669922], [81.51823425292969, 97.82691955566406], [66.40713500976562, 97.48371887207031], [108.60713195800781, 119.06779479980469], [93.07767486572266, 120.8962631225586], [82.90889739990234, 121.781982421875], [69.81302642822266, 127.73280334472656], [121.6781005859375, 124.64628601074219], [120.05547332763672, 115.87596130371094], [128.15724182128906, 108.92888641357422], [137.89512634277344, 102.9644775390625], [132.60623168945312, 127.41708374023438], [133.2390899658203, 120.50175476074219], [138.3643341064453, 117.36113739013672], [144.69224548339844, 115.1484146118164]], "00072460.jpg": [[129.1614990234375, 114.91159057617188], [130.18922424316406, 122.62297058105469], [130.11843872070312, 122.0255126953125], [121.18209075927734, 119.83059692382812], [97.87689208984375, 119.08037567138672], [110.07527923583984, 89.18571472167969], [89.07319641113281, 94.4930419921875], [80.38679504394531, 114.36947631835938], [77.98171997070312, 143.2967529296875], [90.23600006103516, 87.84893798828125], [76.8611068725586, 106.20642852783203], [78.69606018066406, 126.59659576416016], [93.2522964477539, 146.6558837890625], [78.46269989013672, 95.45266723632812], [77.25791931152344, 115.13359832763672], [90.26199340820312, 130.72872924804688], [111.50967407226562, 134.86593627929688], [73.22139739990234, 106.04048156738281], [75.04264068603516, 119.91555786132812], [85.71894073486328, 127.32067108154297], [102.92440032958984, 127.88108825683594]], "00047623.jpg": [[101.07070922851562, 155.8047332763672], [99.09659576416016, 131.43264770507812], [92.88693237304688, 117.10279846191406], [85.14122009277344, 108.75260162353516], [75.16529846191406, 103.77812194824219], [131.44386291503906, 105.36690521240234], [146.2465057373047, 90.76264953613281], [152.4317626953125, 80.50623321533203], [160.16128540039062, 68.48168182373047], [136.98101806640625, 113.21013641357422], [143.8707733154297, 102.4200439453125], [142.3364715576172, 95.11939239501953], [142.33172607421875, 86.7129898071289], [131.68368530273438, 127.11133575439453], [136.28366088867188, 118.58287048339844], [134.88577270507812, 114.3270492553711], [133.65272521972656, 107.28994750976562], [125.01039123535156, 136.8238525390625], [127.51219940185547, 131.3938751220703], [127.84651947021484, 126.97676086425781], [128.2910614013672, 120.11591339111328]], "00125082.jpg": [[149.5956268310547, 116.2596435546875], [131.59463500976562, 98.62660217285156], [114.71357727050781, 84.69605255126953], [101.07010650634766, 82.29828643798828], [86.0374526977539, 82.32173919677734], [82.13899230957031, 106.01207733154297], [64.71551513671875, 107.46144104003906], [60.828861236572266, 108.23104858398438], [57.5049934387207, 108.51587677001953], [82.2162857055664, 125.06466674804688], [76.01005554199219, 128.47076416015625], [82.99075317382812, 126.78833770751953], [95.5088119506836, 121.5992431640625], [95.19514465332031, 141.11424255371094], [88.18257904052734, 141.25213623046875], [95.17284393310547, 137.98526000976562], [108.778076171875, 129.4886474609375], [108.9030532836914, 150.4738311767578], [106.22933959960938, 152.02210998535156], [110.20843505859375, 149.69064331054688], [116.04352569580078, 143.19200134277344]], "00078491.jpg": [[158.52581787109375, 121.62159729003906], [139.99708557128906, 100.99427795410156], [123.53309631347656, 91.04379272460938], [105.87420654296875, 87.50605010986328], [82.15664672851562, 81.62996673583984], [112.47022247314453, 108.96472930908203], [94.26280975341797, 102.98869323730469], [88.10894012451172, 95.25667572021484], [85.80376434326172, 83.72859191894531], [102.05475616455078, 120.32795715332031], [85.16165161132812, 110.38111114501953], [80.08618927001953, 99.62945556640625], [79.3312759399414, 84.75077056884766], [98.2433090209961, 131.23480224609375], [83.93790435791016, 117.904296875], [82.27771759033203, 105.15023040771484], [90.37151336669922, 91.93614959716797], [96.02076721191406, 136.6893310546875], [82.37976837158203, 127.86578369140625], [77.14636993408203, 117.7193603515625], [76.11579132080078, 102.87610626220703]],