{"pck_res": [0.0, 0.0714285746216774, 0.22857142984867096, 0.3857142925262451, 0.5761904716491699, 0.699999988079071, 0.8238095045089722, 0.8904761672019958, 0.9333333373069763, 0.9571428298950195, 0.961904764175415, 0.9857142567634583, 0.9952380657196045, 1.0, 1.0, 1.0, 1.0, 1.0, 1.0, 1.0], "AUC": 0.750476180948317}