{"pck_res": [0.0, 0.004761904943734407, 0.009523809887468815, 0.02857142873108387, 0.03333333507180214, 0.06666667014360428, 0.10952381044626236, 0.1428571492433548, 0.1666666716337204, 0.18095238506793976, 0.22380952537059784, 0.2571428716182709, 0.29523810744285583, 0.31904762983322144, 0.34285715222358704, 0.36666667461395264, 0.41904762387275696, 0.43809524178504944, 0.4809523820877075, 0.5142857432365417, 0.5571428537368774, 0.6047618985176086, 0.6333333253860474, 0.6571428775787354, 0.6761904954910278, 0.6904761791229248, 0.699999988079071, 0.738095223903656, 0.7476190328598022, 0.761904776096344, 0.8047618865966797, 0.8428571224212646, 0.8428571224212646, 0.8523809313774109, 0.8666666746139526, 0.8857142925262451, 0.8904761672019958, 0.9047619104385376, 0.9095237851142883, 0.9190475940704346, 0.9190475940704346, 0.9333333373069763, 0.938095211982727, 0.9428571462631226, 0.9428571462631226, 0.9476190209388733, 0.961904764175415, 0.961904764175415, 0.961904764175415, 0.961904764175415, 0.961904764175415, 0.961904764175415, 0.9714285731315613, 0.976190447807312, 0.976190447807312, 0.9809523820877075, 0.9857142567634583, 0.9857142567634583, 0.9857142567634583, 0.9857142567634583, 0.9904761910438538, 0.9952380657196045, 0.9952380657196045, 0.9952380657196045, 1.0, 1.0, 1.0, 1.0, 1.0, 1.0, 1.0, 1.0, 1.0, 1.0, 1.0, 1.0, 1.0, 1.0, 1.0, 1.0, 1.0, 1.0, 1.0, 1.0, 1.0, 1.0, 1.0, 1.0, 1.0, 1.0, 1.0, 1.0, 1.0, 1.0, 1.0, 1.0, 1.0, 1.0, 1.0, 1.0, 1.0], "AUC": 0.7881659559172458}