{"00041222.jpg": {"prd_label": [[122.85222625732422, 136.9105987548828], [139.20335388183594, 126.74119567871094], [147.670166015625, 112.19534301757812], [147.4091339111328, 105.44371795654297], [149.25314331054688, 101.86703491210938], [114.9851303100586, 91.05010986328125], [110.6244125366211, 86.09234619140625], [112.91912841796875, 92.23148345947266], [119.82537078857422, 100.4916000366211], [95.8096694946289, 97.24696350097656], [94.9682846069336, 100.32884979248047], [102.69268798828125, 111.53330993652344], [113.26345825195312, 123.12228393554688], [81.91229248046875, 112.12722778320312], [84.77787017822266, 116.21793365478516], [93.19217681884766, 127.46467590332031], [109.75116729736328, 137.19097900390625], [77.3424301147461, 127.64871215820312], [78.8423080444336, 131.32972717285156], [86.0101318359375, 138.528076171875], [98.1856918334961, 144.19239807128906]], "resol": 224}, "00125838.jpg": {"prd_label": [[139.92214965820312, 131.4757843017578], [128.99069213867188, 119.52436828613281], [119.52522277832031, 105.97953796386719], [108.5084457397461, 99.45206451416016], [94.4532470703125, 93.6578140258789], [115.21403503417969, 95.52330780029297], [104.77440643310547, 90.16848754882812], [96.94063568115234, 92.35173034667969], [90.066650390625, 95.50860595703125], [111.8825912475586, 102.19903564453125], [101.84886169433594, 101.68716430664062], [95.77655792236328, 106.03485107421875], [90.35245513916016, 109.962890625], [111.89945220947266, 115.42007446289062], [103.03086853027344, 114.44874572753906], [97.46060180664062, 118.76549530029297], [95.11820983886719, 121.91547393798828], [111.76702117919922, 127.39458465576172], [105.40258026123047, 127.9775619506836], [102.0398941040039, 129.8363037109375], [100.45967102050781, 130.40806579589844]], "resol": 224}, "00099481.jpg": {"prd_label": [[97.38005828857422, 143.20953369140625], [116.97325134277344, 122.424560546875], [127.56124877929688, 103.78759002685547], [136.1009521484375, 94.13008880615234], [147.9879913330078, 86.25570678710938], [105.39314270019531, 91.84709167480469], [112.13997650146484, 82.16958618164062], [123.08719635009766, 81.85408782958984], [137.8411102294922, 83.05389404296875], [98.88526153564453, 101.63701629638672], [110.71119689941406, 97.9264144897461], [125.6475601196289, 101.43975830078125], [142.13751220703125, 104.86318969726562], [94.0657958984375, 120.41874694824219], [107.35155487060547, 116.89830780029297], [121.91648864746094, 120.89747619628906], [140.66514587402344, 121.77409362792969], [95.6692886352539, 136.56915283203125], [105.22632598876953, 135.32870483398438], [115.8180160522461, 137.16983032226562], [129.5572509765625, 136.77859497070312]], "resol": 224}, "00089846.jpg": {"prd_label": [[78.61927032470703, 120.61206817626953], [95.77864837646484, 108.10652160644531], [108.23759460449219, 95.584228515625], [121.62039184570312, 91.56318664550781], [138.5497283935547, 88.63655090332031], [117.5689926147461, 96.00916290283203], [132.97865295410156, 96.72547149658203], [143.17938232421875, 101.31259155273438], [154.35455322265625, 106.59883117675781], [119.71841430664062, 107.93659210205078], [134.6226043701172, 113.0002212524414], [144.6875457763672, 119.19925689697266], [155.73239135742188, 125.35975646972656], [115.05258178710938, 123.61915588378906], [129.0124053955078, 126.86679077148438], [137.12644958496094, 132.71249389648438], [146.9794464111328, 135.21310424804688], [110.70237731933594, 136.20152282714844], [120.69719696044922, 139.91802978515625], [126.98042297363281, 143.0872344970703], [134.6700439453125, 143.70921325683594]], "resol": 224}, "00065533.jpg": {"prd_label": [[135.6999053955078, 120.10417938232422], [128.3211669921875, 118.2074966430664], [121.54849243164062, 113.54723358154297], [115.5949935913086, 112.2089614868164], [108.82418823242188, 111.06668090820312], [109.79423522949219, 109.17506408691406], [102.36093139648438, 107.12600708007812], [98.72134399414062, 106.92774963378906], [95.92282104492188, 105.79354858398438], [109.13666534423828, 112.10515594482422], [103.41907501220703, 111.71537780761719], [101.30840301513672, 112.58956909179688], [99.85791015625, 110.69446563720703], [113.1507339477539, 118.36808776855469], [108.75191497802734, 117.90200805664062], [107.74200439453125, 118.93302917480469], [107.51386260986328, 117.04039764404297], [118.53225708007812, 124.19583129882812], [116.11434936523438, 124.18630981445312], [115.46417999267578, 124.1776351928711], [114.64836120605469, 121.46768188476562]], "resol": 224}, "00072460.jpg": {"prd_label": [[122.48169708251953, 127.40827941894531], [135.55140686035156, 119.36620330810547], [141.2021026611328, 107.58151245117188], [140.3311309814453, 104.18196105957031], [140.82708740234375, 104.33375549316406], [113.07972717285156, 92.99463653564453], [109.25718688964844, 91.6748275756836], [112.17538452148438, 99.01519012451172], [119.47843933105469, 108.46681213378906], [97.65221405029297, 100.81896209716797], [97.9442138671875, 106.3198013305664], [106.18309020996094, 117.71306610107422], [117.32756042480469, 129.25567626953125], [87.13848114013672, 115.30286407470703], [90.55078125, 120.90359497070312], [99.7593765258789, 131.6768341064453], [116.54335021972656, 140.1396026611328], [84.5076904296875, 129.7212677001953], [86.76644134521484, 134.20169067382812], [94.30419158935547, 140.62376403808594], [106.52349090576172, 145.31634521484375]], "resol": 224}, "00047623.jpg": {"prd_label": [[89.65038299560547, 144.3063507080078], [100.8296890258789, 127.18265533447266], [112.15631866455078, 111.0841064453125], [121.37899780273438, 100.43368530273438], [132.73780822753906, 88.89057159423828], [123.62950134277344, 100.7349853515625], [132.876708984375, 90.35724639892578], [135.05535888671875, 86.33946228027344], [137.0050811767578, 82.1496810913086], [123.23654174804688, 104.46858215332031], [129.04971313476562, 97.16847229003906], [130.08383178710938, 94.89566040039062], [130.50833129882812, 92.21683502197266], [116.62748718261719, 116.30387878417969], [121.92950439453125, 108.8076171875], [120.4993896484375, 108.29383087158203], [118.50988006591797, 106.91755676269531], [109.96158599853516, 126.67762756347656], [112.3207015991211, 122.66960144042969], [111.57452392578125, 121.81076049804688], [110.10311889648438, 119.60035705566406]], "resol": 224}, "00125082.jpg": {"prd_label": [[150.6383056640625, 110.71987915039062], [134.7692413330078, 101.58687591552734], [120.7369384765625, 91.6660385131836], [107.27689361572266, 89.95025634765625], [90.87089538574219, 89.11216735839844], [108.39399719238281, 103.50109100341797], [94.42510223388672, 108.77342224121094], [86.07955169677734, 114.81979370117188], [78.0230484008789, 121.15969848632812], [107.25636291503906, 117.56993865966797], [95.0494613647461, 125.71780395507812], [89.00041198730469, 132.11911010742188], [82.7118911743164, 137.8502655029297], [112.59608459472656, 131.262451171875], [101.71888732910156, 136.76602172851562], [96.75486755371094, 141.69073486328125], [93.39881896972656, 143.43380737304688], [117.98260498046875, 140.88377380371094], [111.46331024169922, 145.846435546875], [107.42292785644531, 148.58761596679688], [104.946533203125, 148.544677734375]], "resol": 224},