{"pck_res": [0.0, 0.014285714365541935, 0.05714285746216774, 0.09047619253396988, 0.13333334028720856, 0.17619048058986664, 0.20952381193637848, 0.2666666805744171, 0.3285714387893677, 0.4000000059604645, 0.44285714626312256, 0.4952380955219269, 0.5095238089561462, 0.5571428537368774, 0.5857142806053162, 0.6142857074737549, 0.6476190686225891, 0.6952381134033203, 0.738095223903656, 0.761904776096344, 0.7809523940086365, 0.8190476298332214, 0.8428571224212646, 0.8571428656578064, 0.8714285492897034, 0.8952381014823914, 0.8999999761581421, 0.9047619104385376, 0.9095237851142883, 0.9523809552192688, 0.9523809552192688, 0.9571428298950195, 0.9666666388511658, 0.9714285731315613, 0.976190447807312, 0.9809523820877075, 0.9809523820877075, 0.9809523820877075, 0.9809523820877075, 0.9809523820877075, 0.9809523820877075, 0.9857142567634583, 0.9857142567634583, 0.9904761910438538, 0.9952380657196045, 0.9952380657196045, 0.9952380657196045, 0.9952380657196045, 0.9952380657196045, 0.9952380657196045, 0.9952380657196045, 0.9952380657196045, 0.9952380657196045, 0.9952380657196045, 0.9952380657196045, 0.9952380657196045, 0.9952380657196045, 1.0, 1.0, 1.0, 1.0, 1.0, 1.0, 1.0, 1.0, 1.0, 1.0, 1.0, 1.0, 1.0, 1.0, 1.0, 1.0, 1.0, 1.0, 1.0, 1.0, 1.0, 1.0, 1.0, 1.0, 1.0, 1.0, 1.0, 1.0, 1.0, 1.0, 1.0, 1.0, 1.0, 1.0, 1.0, 1.0, 1.0, 1.0, 1.0, 1.0, 1.0, 1.0, 1.0, 1.0], "AUC": 0.8570957041880356}