{"pck_res": [0.0, 0.17619048058986664, 0.4571428596973419, 0.6238095164299011, 0.7904762029647827, 0.8952381014823914, 0.9523809552192688, 0.9809523820877075, 0.9809523820877075, 0.9952380657196045, 0.9952380657196045, 0.9952380657196045, 1.0, 1.0, 1.0, 1.0, 1.0, 1.0, 1.0, 1.0], "AUC": 0.817142852768302}