{"BB121123.png": {"prd_label": [[98.56429290771484, 106.29110717773438], [114.66001892089844, 93.33439636230469], [130.9745330810547, 94.71090698242188], [144.8653564453125, 99.999755859375], [159.89878845214844, 107.13687133789062], [117.84901428222656, 94.93721771240234], [135.7419891357422, 98.54671478271484], [148.28591918945312, 105.60456085205078], [157.85940551757812, 114.88946533203125], [111.49452209472656, 111.1680679321289], [123.9078140258789, 124.35777282714844], [136.98793029785156, 130.23150634765625], [147.68942260742188, 132.35398864746094], [102.9993896484375, 129.92112731933594], [116.31055450439453, 140.64956665039062], [131.1038818359375, 146.5919952392578], [143.5390625, 148.57296752929688], [99.74238586425781, 142.46231079101562], [109.36318969726562, 146.3007049560547], [120.70449829101562, 149.63150024414062], [131.24118041992188, 149.3836669921875]], "resol": 224}, "SiBF140801.png": {"prd_label": [[172.9468994140625, 130.5391845703125], [150.49974060058594, 134.43218994140625], [124.9124984741211, 138.669189453125], [104.35187530517578, 143.82249450683594], [84.32815551757812, 151.62738037109375], [113.18136596679688, 113.62416076660156], [93.32295227050781, 111.7553939819336], [79.83136749267578, 123.16403198242188], [72.97171020507812, 138.38076782226562], [111.3526611328125, 111.69483184814453], [90.37946319580078, 111.3741226196289], [78.579345703125, 122.24369049072266], [71.66582489013672, 135.5642547607422], [120.73298645019531, 118.91120910644531], [100.22664642333984, 122.25811004638672], [86.23147583007812, 130.3853302001953], [75.9599380493164, 144.61666870117188], [126.18152618408203, 127.51136779785156], [112.18558502197266, 132.95262145996094], [100.08702087402344, 138.38592529296875], [91.80795288085938, 144.1002960205078]], "resol": 224}, "SiBF130108.png": {"prd_label": [[159.5518798828125, 121.50426483154297], [149.8955078125, 120.53064727783203], [135.12484741210938, 123.06086730957031], [121.01423645019531, 127.67345428466797], [108.17912292480469, 134.72506713867188], [118.56163024902344, 109.78874969482422], [105.79721069335938, 106.6904296875], [96.82498931884766, 114.89710235595703], [90.92779541015625, 126.54676818847656], [111.56358337402344, 111.62319946289062], [95.86231994628906, 109.7451171875], [87.96148681640625, 118.41292572021484], [84.44245147705078, 126.74650573730469], [113.87762451171875, 119.07115173339844], [99.9654769897461, 121.37532806396484], [90.68815612792969, 127.25196838378906], [85.09202575683594, 135.75070190429688], [115.88398742675781, 126.51700592041016], [106.12823486328125, 131.04669189453125], [99.65631866455078, 135.4229736328125], [96.0234375, 139.39578247070312]], "resol": 224}, "ShSu140503.png": {"prd_label": [[158.23834228515625, 150.2304229736328], [130.4936981201172, 148.5663604736328], [102.89387512207031, 143.7588348388672], [82.71414947509766, 143.62786865234375], [62.80568313598633, 146.34567260742188], [103.25460815429688, 113.50814819335938], [86.92742919921875, 102.30760955810547], [74.3523941040039, 108.14472198486328], [69.2236557006836, 119.27043151855469], [111.22965240478516, 111.01622009277344], [94.1291275024414, 102.74718475341797], [83.59986114501953, 108.8089370727539], [73.7859878540039, 118.38898468017578], [126.73013305664062, 121.97941589355469], [106.88966369628906, 119.12112426757812], [92.48863983154297, 122.20580291748047], [79.34965515136719, 133.1059112548828], [134.34567260742188, 131.30560302734375], [119.84072875976562, 133.81643676757812], [107.1505355834961, 137.31640625], [95.98702239990234, 141.52879333496094]], "resol": 224}, "BB120824.png": {"prd_label": [[78.75801086425781, 83.85682678222656], [88.17727661132812, 72.3460464477539], [101.55887603759766, 69.07483673095703], [114.06525421142578, 69.32938385009766], [128.0336456298828, 66.38806915283203], [109.65850067138672, 98.61849975585938], [126.31800842285156, 100.37984466552734], [137.8880615234375, 97.28956604003906], [147.42486572265625, 93.17601776123047], [111.3939437866211, 110.8570327758789], [126.40401458740234, 114.79652404785156], [137.1742401123047, 110.82843017578125], [141.67723083496094, 99.86459350585938], [110.16497802734375, 117.9163589477539], [120.89192199707031, 117.80958557128906], [133.790771484375, 112.47869873046875], [138.85414123535156, 102.86595916748047], [107.7301254272461, 116.9561996459961], [115.30271911621094, 110.87928009033203], [122.43572998046875, 106.54560852050781], [125.72674560546875, 98.15955352783203]], "resol": 224}, "MDF110361.png": {"prd_label": [[111.79349517822266, 88.41583251953125], [107.55156707763672, 81.376953125], [108.235595703125, 78.69588470458984], [108.43828582763672, 80.45579528808594], [109.86436462402344, 80.46952056884766], [106.09410095214844, 102.5515365600586], [108.27590942382812, 103.13069152832031], [109.10149383544922, 101.98446655273438], [113.16378784179688, 99.79169464111328], [111.4094009399414, 111.74951934814453], [116.22479248046875, 112.96908569335938], [118.04051208496094, 111.08219909667969], [118.47451782226562, 104.1963882446289], [119.59150695800781, 116.64134979248047], [121.67142486572266, 115.60903930664062], [125.14772033691406, 112.49224090576172], [124.83781433105469, 106.62260437011719], [123.41604614257812, 116.19281005859375], [125.12138366699219, 113.93923950195312], [126.53014373779297, 111.38274383544922], [127.42530822753906, 105.8106460571289]], "resol": 224}, "GPMF130386.png": {"prd_label": [[156.6885528564453, 109.26852416992188], [154.27561950683594, 114.14691162109375], [147.2025909423828, 123.67172241210938], [138.68701171875, 132.35577392578125], [133.75680541992188, 145.15162658691406], [122.41220092773438, 112.00872802734375], [114.90914916992188, 117.11405944824219], [109.85038757324219, 129.32302856445312], [106.60818481445312, 143.91058349609375], [111.58651733398438, 112.07323455810547], [101.28659057617188, 118.1518783569336], [97.34387969970703, 130.760498046875], [97.4954605102539, 142.9741973876953], [109.71864318847656, 117.1430435180664], [102.74884796142578, 123.28166198730469], [98.63367462158203, 134.27923583984375], [98.70057678222656, 147.40663146972656], [110.30293273925781, 123.24248504638672], [106.25669860839844, 130.0402069091797], [104.12309265136719, 137.4083251953125], [105.5487289428711, 145.40731811523438]], "resol": 224}, "ABF120707.png": {"prd_label": [[100.33592987060547, 91.46418762207031], [105.5889892578125, 77.77566528320312], [115.5781478881836, 72.67904663085938], [125.08574676513672, 72.89655303955078], [136.2629852294922, 70.07254028320312], [109.98800659179688, 97.30097198486328], [120.47837829589844, 97.00672149658203], [130.01023864746094, 95.22284698486328], [139.6918182373047, 93.07881927490234], [111.41000366210938, 111.34378051757812], [122.38914489746094, 115.48020935058594], [131.76739501953125, 112.59854125976562], [138.03648376464844, 103.41228485107422], [114.69161224365234, 121.57525634765625], [122.55386352539062, 122.60663604736328], [133.73390197753906, 118.67267608642578], [139.62451171875, 110.75856018066406], [116.45838928222656, 124.2073974609375], [122.93931579589844, 120.26795959472656], [129.67556762695312, 116.00297546386719], [134.92340087890625, 108.25498962402344]], "resol": 224},