{"BB121123.png": [[81.9476089477539, 112.01274871826172], [102.68035888671875, 104.22374725341797], [113.50970458984375, 98.20362091064453], [124.38380432128906, 97.90605163574219], [140.41177368164062, 96.51741790771484], [120.05746459960938, 98.86593627929688], [134.3638458251953, 100.98684692382812], [144.90829467773438, 109.7804946899414], [149.13099670410156, 127.678466796875], [111.9349365234375, 112.44632720947266], [124.63909912109375, 119.44276428222656], [138.0887908935547, 129.10324096679688], [143.06930541992188, 132.47018432617188], [103.40228271484375, 124.01195526123047], [115.06591796875, 131.04481506347656], [129.73500061035156, 138.71754455566406], [133.60182189941406, 141.3951416015625], [98.02278900146484, 133.69180297851562], [105.00492095947266, 142.68307495117188], [116.02558898925781, 145.6498260498047], [128.07081604003906, 148.7250213623047]], "SiBF140801.png": [[171.20211791992188, 127.23860168457031], [146.6285858154297, 133.5266571044922], [124.12716674804688, 134.0024871826172], [107.0411376953125, 136.68348693847656], [87.12136840820312, 143.44129943847656], [111.51011657714844, 112.24848175048828], [90.97171020507812, 110.16166687011719], [78.8713150024414, 115.3787841796875], [68.57657623291016, 123.16091918945312], [112.05611419677734, 111.6141357421875], [96.08576965332031, 112.42843627929688], [84.53392791748047, 118.5130844116211], [77.58586120605469, 130.05345153808594], [125.43133544921875, 114.40574645996094], [109.24977111816406, 117.57681274414062], [96.71194458007812, 123.9872055053711], [87.89204406738281, 135.19163513183594], [134.3121795654297, 120.47236633300781], [124.4040756225586, 128.8527069091797], [115.634033203125, 136.19943237304688], [108.21729278564453, 144.34304809570312]], "SiBF130108.png": [[153.9463653564453, 133.98423767089844], [153.19056701660156, 123.6650619506836], [141.38653564453125, 129.09474182128906], [128.16708374023438, 131.31454467773438], [114.09182739257812, 137.43609619140625], [125.10029602050781, 104.58694458007812], [114.51220703125, 106.8233413696289], [110.97679138183594, 113.91255187988281], [106.95724487304688, 122.7496337890625], [112.43746948242188, 112.16639709472656], [101.94017791748047, 109.0120620727539], [97.66337585449219, 113.4743881225586], [95.3994369506836, 119.45777893066406], [113.27059936523438, 122.85103607177734], [101.25702667236328, 120.58111572265625], [94.79341888427734, 122.20964813232422], [88.81703186035156, 124.01248168945312], [113.33699035644531, 133.20167541503906], [105.22705841064453, 132.86375427246094], [98.74386596679688, 132.12008666992188], [97.84034729003906, 133.1850128173828]], "ShSu140503.png": [[147.2423553466797, 159.6169891357422], [114.589111328125, 156.31507873535156], [94.88883209228516, 148.85879516601562], [82.07048797607422, 155.53573608398438], [66.18220520019531, 159.9240264892578], [97.20978546142578, 116.7601318359375], [87.72181701660156, 100.25576782226562], [82.35833740234375, 106.96165466308594], [79.72943878173828, 117.59578704833984], [112.18001556396484, 111.9612045288086], [104.4443359375, 108.22309875488281], [99.96929168701172, 109.03108215332031], [95.21984100341797, 115.84275817871094], [128.39768981933594, 116.46463012695312], [121.29552459716797, 114.04460144042969], [113.06690979003906, 123.0241928100586], [105.66818237304688, 138.15487670898438], [141.2500762939453, 124.01237487792969], [134.3496551513672, 130.0393829345703], [128.32798767089844, 136.70333862304688], [120.02300262451172, 146.19927978515625]], "BB120824.png": [[86.62076568603516, 94.50845336914062], [92.69656372070312, 84.3070297241211], [96.17049407958984, 75.47655487060547], [103.1819839477539, 70.35275268554688], [107.85148620605469, 66.39268493652344], [101.82062530517578, 94.21387481689453], [119.12632751464844, 96.8788833618164], [132.61221313476562, 88.88958740234375], [142.196044921875, 81.91187286376953], [111.53524017333984, 112.35871124267578], [131.79855346679688, 94.70122528076172], [130.71224975585938, 84.05291748046875], [121.41183471679688, 79.42401885986328], [117.44314575195312, 115.51646423339844], [135.07444763183594, 102.31755065917969], [130.81385803222656, 88.03507232666016], [121.59334564208984, 80.31668853759766], [124.742919921875, 113.04241180419922], [126.67079162597656, 98.92964172363281], [124.6178970336914, 87.2481918334961], [116.05410766601562, 82.7395248413086]], "MDF110361.png": [[117.35485076904297, 79.654541015625], [108.07714080810547, 77.75050354003906], [106.41817474365234, 77.34761810302734], [105.98233795166016, 80.5143051147461], [116.17957305908203, 82.39484405517578], [102.47618865966797, 103.83992004394531], [106.68441772460938, 108.73187255859375], [113.92337036132812, 105.89179992675781], [122.51107788085938, 95.77119445800781], [111.69495391845703, 112.28062438964844], [120.5165786743164, 104.87470245361328], [127.00788879394531, 96.94851684570312], [125.82354736328125, 85.26902770996094], [123.54125213623047, 110.04586791992188], [129.6219024658203, 101.44092559814453], [134.85647583007812, 91.14453887939453], [131.296630859375, 79.007568359375], [132.54647827148438, 106.77411651611328], [136.41748046875, 98.45429229736328], [139.20401000976562, 90.21345520019531], [141.09176635742188, 80.97460174560547]], "GPMF130386.png": [[138.1995086669922, 125.52764129638672], [145.09609985351562, 125.87175750732422], [139.75064086914062, 138.273193359375], [132.71099853515625, 146.7154083251953], [128.8931121826172, 161.5022430419922], [125.22201538085938, 109.0811767578125], [117.87098693847656, 100.54185485839844], [113.35614776611328, 105.56147766113281], [107.56861877441406, 112.17189025878906], [112.19895935058594, 112.4951400756836], [99.0073471069336, 105.95507049560547], [90.7918701171875, 108.29462432861328], [87.3509292602539, 116.50032806396484], [105.91275024414062, 118.57324981689453], [94.7467041015625, 119.01435089111328], [87.2061767578125, 124.52433013916016], [83.50121307373047, 132.9580078125], [102.91960144042969, 126.39299011230469], [99.56050872802734, 132.76478576660156], [97.1391830444336, 138.6161651611328], [97.31045532226562, 145.26406860351562]], "ABF120707.png": [[132.1949462890625, 102.17369079589844], [137.85557556152344, 83.65428924560547], [131.6922149658203, 67.0634536743164], [127.4559097290039, 54.79766845703125], [120.06401824951172, 46.04662322998047], [115.3741455078125, 89.08991241455078], [105.98616027832031, 85.28279113769531], [107.45127868652344, 82.79127502441406], [130.30487060546875, 82.1130599975586], [111.867919921875, 112.29338073730469], [104.82888793945312, 112.18902587890625], [102.9632568359375, 112.77473449707031], [117.8983154296875, 107.8288345336914], [121.97569274902344, 127.84477233886719], [135.57557678222656, 134.7296142578125], [153.9901580810547, 138.94271850585938], [177.24758911132812, 133.3291015625], [132.2091522216797, 138.60369873046875], [145.93243408203125, 137.58782958984375], [158.9725799560547, 134.42396545410156], [173.17486572265625, 126.32589721679688]], "MDF101522.png": [[58.614967346191406, 67.97576904296875], [86.27025604248047, 60.78650665283203], [97.97750854492188, 67.22027587890625], [106.27890014648438, 76.74186706542969], [103.78813171386719, 86.52730560302734], [121.26276397705078, 96.08515167236328], [137.35079956054688, 106.06597900390625], [143.57608032226562, 109.64331817626953], [141.26109313964844, 108.24105834960938], [112.0439682006836, 112.12980651855469], [122.82073974609375, 112.98075866699219], [128.0066680908203, 112.66344451904297], [131.88719177246094, 110.85982513427734], [96.51934814453125, 114.8465576171875], [105.9685287475586, 116.4913330078125], [111.43048095703125, 114.86178588867188], [116.34872436523438, 112.33574676513672], [83.68212890625, 114.25604248046875], [94.14708709716797, 117.18445587158203], [104.17789459228516, 118.94004821777344], [113.89236450195312, 114.70747375488281]],