{"pck_res": [0.0, 0.20000000298023224, 0.5095238089561462, 0.6714285612106323, 0.8523809313774109, 0.9238095283508301, 0.9571428298950195, 0.9904761910438538, 0.9952380657196045, 1.0, 1.0, 1.0, 1.0, 1.0, 1.0, 1.0, 1.0, 1.0, 1.0, 1.0], "AUC": 0.8299999911338092}