{"pck_res": [0.0, 0.01904761977493763, 0.06190476194024086, 0.10476190596818924, 0.1428571492433548, 0.19523809850215912, 0.261904776096344, 0.3285714387893677, 0.3857142925262451, 0.43809524178504944, 0.5095238089561462, 0.5333333611488342, 0.5523809790611267, 0.5952380895614624, 0.6285714507102966, 0.6523809432983398, 0.6857143044471741, 0.723809540271759, 0.7666666507720947, 0.8095238208770752, 0.8476190567016602, 0.8666666746139526, 0.8904761672019958, 0.8999999761581421, 0.9047619104385376, 0.9190475940704346, 0.9285714030265808, 0.9285714030265808, 0.9333333373069763, 0.938095211982727, 0.938095211982727, 0.961904764175415, 0.9714285731315613, 0.9714285731315613, 0.9714285731315613, 0.9857142567634583, 0.9904761910438538, 0.9904761910438538, 0.9904761910438538, 0.9904761910438538, 0.9904761910438538, 0.9952380657196045, 0.9952380657196045, 1.0, 1.0, 1.0, 1.0, 1.0, 1.0, 1.0, 1.0, 1.0, 1.0, 1.0, 1.0, 1.0, 1.0, 1.0, 1.0, 1.0, 1.0, 1.0, 1.0, 1.0, 1.0, 1.0, 1.0, 1.0, 1.0, 1.0, 1.0, 1.0, 1.0, 1.0, 1.0, 1.0, 1.0, 1.0, 1.0, 1.0, 1.0, 1.0, 1.0, 1.0, 1.0, 1.0, 1.0, 1.0, 1.0, 1.0, 1.0, 1.0, 1.0, 1.0, 1.0, 1.0, 1.0, 1.0, 1.0, 1.0, 1.0], "AUC": 0.8682696819028789}