{"BB121123.png": {"prd_label": [[79.30474853515625, 113.15470123291016], [99.42296600341797, 100.82261657714844], [118.5045166015625, 94.66018676757812], [133.47994995117188, 93.77174377441406], [152.9621124267578, 94.28096008300781], [112.27701568603516, 100.78528594970703], [131.45741271972656, 96.05268096923828], [145.47312927246094, 93.7323989868164], [159.6026153564453, 94.60142517089844], [111.48530578613281, 110.9923095703125], [129.68443298339844, 107.90882110595703], [145.3296661376953, 106.76274871826172], [157.31092834472656, 103.98956298828125], [104.3831558227539, 120.60726928710938], [120.0307846069336, 121.20161437988281], [136.10845947265625, 120.40243530273438], [150.14132690429688, 115.99903869628906], [101.88676452636719, 129.091796875], [114.03361511230469, 127.95852661132812], [125.75857543945312, 128.33912658691406], [134.2764434814453, 125.38505554199219]], "resol": 224}, "SiBF140801.png": {"prd_label": [[166.896240234375, 118.61753845214844], [147.73240661621094, 114.4945068359375], [126.56367492675781, 115.53858947753906], [105.54402160644531, 118.50137329101562], [84.2735824584961, 122.76934051513672], [114.24122619628906, 106.0940170288086], [94.41960144042969, 107.24938201904297], [80.31668090820312, 110.6128158569336], [69.0678939819336, 117.84205627441406], [111.41107177734375, 111.100341796875], [89.837158203125, 110.90937805175781], [75.92100524902344, 116.04551696777344], [66.67539978027344, 122.26123809814453], [115.29413604736328, 117.66919708251953], [93.52473449707031, 120.53984832763672], [77.98493957519531, 122.7080307006836], [68.31336975097656, 127.53974151611328], [117.75881958007812, 124.34506225585938], [102.63736724853516, 126.8947982788086], [89.16531372070312, 128.77438354492188], [81.74122619628906, 129.56515502929688]], "resol": 224}, "SiBF130108.png": {"prd_label": [[148.11802673339844, 116.07405853271484], [144.4401397705078, 110.8291015625], [135.54867553710938, 111.19820404052734], [123.55802154541016, 114.71090698242188], [112.98625946044922, 119.43006134033203], [119.01155090332031, 105.01567840576172], [108.07449340820312, 104.02142333984375], [99.69441986083984, 106.99871063232422], [94.45489501953125, 114.29755401611328], [111.69184112548828, 111.09677124023438], [95.87907409667969, 110.5640869140625], [88.50196075439453, 115.83342742919922], [85.80497741699219, 120.99960327148438], [109.07456970214844, 118.84855651855469], [93.89904022216797, 121.62902069091797], [85.1708755493164, 124.08282470703125], [82.03146362304688, 127.92440795898438], [107.8973388671875, 126.44470977783203], [98.34896850585938, 129.19473266601562], [90.9133071899414, 132.08738708496094], [88.47517395019531, 132.97247314453125]], "resol": 224}, "ShSu140503.png": {"prd_label": [[151.2821044921875, 146.72036743164062], [123.40040588378906, 144.6595458984375], [105.44588470458984, 141.60177612304688], [90.99388885498047, 140.93167114257812], [75.5497817993164, 144.29000854492188], [103.87374877929688, 116.75234985351562], [87.49337768554688, 112.39283752441406], [78.54341888427734, 113.30010986328125], [73.40464782714844, 119.28824615478516], [114.12428283691406, 113.43557739257812], [105.43930053710938, 108.02125549316406], [97.73187255859375, 110.93738555908203], [89.67729949951172, 117.4227523803711], [131.6711883544922, 119.34443664550781], [120.98435974121094, 116.92820739746094], [110.87193298339844, 118.05799865722656], [103.14360809326172, 124.96852111816406], [143.15206909179688, 126.4683837890625], [132.6634979248047, 126.5394287109375], [122.69172668457031, 127.98786926269531], [114.90473937988281, 132.15975952148438]], "resol": 224}, "BB120824.png": {"prd_label": [[79.66324615478516, 92.86271667480469], [85.6076889038086, 82.26976776123047], [96.40316009521484, 72.00084686279297], [106.36254119873047, 64.52010345458984], [117.2575454711914, 56.34016799926758], [103.40010070800781, 103.18186950683594], [115.0925521850586, 98.75184631347656], [124.94961547851562, 89.35516357421875], [135.60630798339844, 78.34934997558594], [112.53450012207031, 112.63496398925781], [124.71418762207031, 100.26057434082031], [133.91201782226562, 87.91429138183594], [137.55406188964844, 73.25944519042969], [115.14417266845703, 111.83019256591797], [125.71366882324219, 101.75979614257812], [133.440673828125, 88.15077209472656], [138.67884826660156, 71.3965835571289], [116.95965576171875, 109.1713638305664], [123.42707061767578, 97.72891235351562], [129.90150451660156, 87.69373321533203], [133.06202697753906, 75.42530059814453]], "resol": 224}, "MDF110361.png": {"prd_label": [[102.023193359375, 83.22822570800781], [95.19969177246094, 78.51295471191406], [95.95101928710938, 72.86817932128906], [97.15245819091797, 68.28314208984375], [99.24905395507812, 63.771305084228516], [100.06509399414062, 105.05049896240234], [99.98117065429688, 106.10696411132812], [103.1640625, 100.13861083984375], [110.06501007080078, 91.54342651367188], [112.74515533447266, 112.9405288696289], [116.5465087890625, 104.3790512084961], [120.65723419189453, 95.3280258178711], [121.53168487548828, 83.57192993164062], [123.04156494140625, 108.5102310180664], [126.84516906738281, 101.11351776123047], [129.0331268310547, 90.29212188720703], [130.78982543945312, 77.12139129638672], [129.9890594482422, 102.99938201904297], [131.56332397460938, 94.15885925292969], [133.80596923828125, 86.21087646484375], [134.48110961914062, 75.55113220214844]], "resol": 224}, "GPMF130386.png": {"prd_label": [[141.97491455078125, 95.50254821777344], [141.4095916748047, 97.93479919433594], [136.59445190429688, 104.24198913574219], [127.40686798095703, 112.40486907958984], [121.28205871582031, 122.12110137939453], [118.31477355957031, 106.27642822265625], [109.54671478271484, 113.6611328125], [103.59028625488281, 121.286376953125], [101.74131774902344, 130.9546661376953], [111.93466186523438, 111.71853637695312], [100.18305969238281, 119.02300262451172], [96.18818664550781, 127.52633666992188], [96.76593017578125, 134.77503967285156], [110.23056030273438, 114.5246353149414], [99.11085510253906, 122.98204040527344], [93.72232818603516, 129.60665893554688], [93.92261505126953, 136.11819458007812], [109.94747924804688, 118.19314575195312], [103.2955551147461, 123.81924438476562], [98.31281280517578, 129.65516662597656], [97.61772155761719, 132.3802947998047]], "resol": 224}, "ABF120707.png": {"prd_label": [[121.03579711914062, 88.99555969238281], [126.03582000732422, 75.55716705322266], [136.96116638183594, 68.44821166992188], [145.80291748046875, 66.57052612304688], [159.02540588378906, 63.61906051635742], [111.5751953125, 96.21385192871094], [115.83458709716797, 98.88919067382812], [124.40370178222656, 97.67796325683594], [140.5320587158203, 96.11634826660156], [112.91389465332031, 112.68547821044922], [121.53953552246094, 113.78997802734375], [134.46731567382812, 111.40991973876953], [147.79830932617188, 101.99418640136719], [120.08834075927734, 119.80868530273438], [127.52690124511719, 121.94165802001953], [139.12539672851562, 117.86021423339844], [153.06031799316406, 107.37474060058594], [128.50137329101562, 123.82608032226562], [136.26449584960938, 120.25507354736328], [145.0251922607422, 117.98575592041016], [155.0348663330078, 109.35545349121094]], "resol": 224},