{"pck_res": [0.0, 0.0, 0.0023809524718672037, 0.003809523768723011, 0.005238095298409462, 0.008095238357782364, 0.014285714365541935, 0.01666666753590107, 0.02380952425301075, 0.028095237910747528, 0.03285714238882065, 0.03999999910593033, 0.04523809626698494, 0.05428571254014969, 0.06380952149629593, 0.07190476357936859, 0.08380952477455139, 0.095238097012043, 0.10904762148857117, 0.12285714596509933, 0.13190476596355438, 0.14476190507411957, 0.15904761850833893, 0.17095237970352173, 0.1847619116306305, 0.20047618448734283, 0.2199999988079071, 0.23476190865039825, 0.25, 0.2690476179122925, 0.28904762864112854], "AUC": 0.09456989274645645}