{"pck_res": [0.0, 0.011428571306169033, 0.06380952149629593, 0.12999999523162842, 0.2209523767232895, 0.3157142996788025, 0.427142858505249, 0.5371428728103638, 0.6438094973564148, 0.7319047451019287, 0.8133333325386047, 0.8757143020629883, 0.9138095378875732, 0.9438095092773438, 0.965238094329834, 0.9790475964546204, 0.9904761910438538, 0.9942857027053833, 0.9957143068313599, 0.9985714554786682], "AUC": 0.6026309510460124}