{"pck_res": [0.0, 0.0009523809421807528, 0.0023809524718672037, 0.003809523768723011, 0.0071428571827709675, 0.011428571306169033, 0.01904761977493763, 0.032380953431129456, 0.04047619178891182, 0.04809523746371269, 0.06142857298254967, 0.07380952686071396, 0.08476190268993378, 0.09380952268838882, 0.11142857372760773, 0.1252380907535553, 0.13952380418777466, 0.15809524059295654, 0.1780952364206314, 0.19285714626312256, 0.21523809432983398, 0.2319047600030899, 0.24809524416923523, 0.2623809576034546, 0.28333333134651184, 0.30619049072265625, 0.3271428644657135, 0.35428571701049805, 0.37238094210624695, 0.39571428298950195, 0.4171428680419922, 0.4357142746448517, 0.4528571367263794, 0.4761904776096344, 0.49714285135269165, 0.5209524035453796, 0.5447618961334229, 0.5709523558616638, 0.5890476107597351, 0.6100000143051147, 0.6290476322174072, 0.6504762172698975, 0.6690475940704346, 0.6871428489685059, 0.7052381038665771, 0.7214285731315613, 0.7347618937492371, 0.753333330154419, 0.7714285850524902, 0.7923809289932251, 0.8014285564422607, 0.8157142996788025, 0.8304761648178101, 0.8433333039283752, 0.8519047498703003, 0.8609523773193359, 0.8757143020629883, 0.8833333253860474, 0.892380952835083, 0.8985714316368103, 0.9047619104385376, 0.9133333563804626, 0.9214285612106323, 0.9257143139839172, 0.9319047331809998, 0.938095211982727, 0.9433333277702332, 0.9476190209388733, 0.9514285922050476, 0.9571428298950195, 0.961904764175415, 0.9642857313156128, 0.9690476059913635, 0.9714285731315613, 0.973809540271759, 0.976190447807312, 0.9785714149475098, 0.9819047451019287, 0.9838095307350159, 0.9861904978752136, 0.989047646522522, 0.9904761910438538, 0.9909523725509644, 0.991428554058075, 0.9923809766769409, 0.9928571581840515, 0.9938095211982727, 0.9942857027053833, 0.9942857027053833, 0.9942857027053833, 0.9952380657196045, 0.9952380657196045, 0.9957143068313599, 0.996666669845581, 0.9985714554786682, 0.9985714554786682, 0.9985714554786682, 0.9985714554786682, 0.9985714554786682, 0.9995238184928894, 0.9995238184928894], "AUC": 0.6400495049541374}