{"0.1": 0.13974025974025964, "0.15": 0.23844155844155873, "0.2": 0.35186147186147204, "0.25": 0.47826839826839823, "0.3": 0.5954978354978353}