{"0.0": 0.0, "0.05": 0.11190476190476178, "0.1": 0.2819047619047616, "0.15000000000000002": 0.4695238095238097, "0.2": 0.6261904761904759, "0.25": 0.7652380952380947, "0.30000000000000004": 0.8566666666666661, "0.35000000000000003": 0.9042857142857139, "0.4": 0.9466666666666663, "0.45": 0.9695238095238093, "0.5": 0.9833333333333333, "0.55": 0.9895238095238095, "0.6000000000000001": 0.9923809523809523, "0.65": 0.9957142857142857, "0.7000000000000001": 0.9961904761904762, "0.75": 0.9985714285714287, "0.8": 0.999047619047619, "0.8500000000000001": 0.999047619047619, "0.9": 1.0}