{"pck_res": [0.0, 0.008095238357782364, 0.03380952402949333, 0.07571428269147873, 0.1361904740333557, 0.20952381193637848, 0.30095237493515015, 0.41380953788757324, 0.5376190543174744, 0.6352381110191345, 0.7133333086967468, 0.7814285755157471, 0.8352380990982056, 0.8857142925262451, 0.9257143139839172, 0.950952410697937, 0.9685714244842529, 0.9780952334403992, 0.9842857122421265, 0.9871428608894348], "AUC": 0.5433928628452123}