{"0.0": 0.0, "0.05": 0.008095238095238098, "0.1": 0.03380952380952379, "0.15000000000000002": 0.07571428571428566, "0.2": 0.13619047619047606, "0.25": 0.2095238095238092, "0.30000000000000004": 0.3009523809523806, "0.35000000000000003": 0.4138095238095235, "0.4": 0.5376190476190474, "0.45": 0.6352380952380953, "0.5": 0.7133333333333328, "0.55": 0.7814285714285708, "0.6000000000000001": 0.8352380952380944, "0.65": 0.8857142857142847, "0.7000000000000001": 0.9257142857142844, "0.75": 0.9509523809523796, "0.8": 0.9685714285714272, "0.8500000000000001": 0.9780952380952371, "0.9": 0.9842857142857134}