{"B6Counting_BB_left_1046.png": [[130.1999969482422, 90.53333282470703], [142.8000030517578, 77.46666717529297], [150.73333740234375, 67.66666412353516], [150.26666259765625, 70.93333435058594], [144.6666717529297, 80.73332977294922], [132.53334045410156, 70.93333435058594], [140.46665954589844, 56.93333435058594], [141.39999389648438, 65.33333587646484], [138.13333129882812, 76.53333282470703], [126.19078063964844, 69.88117980957031], [130.1999969482422, 54.599998474121094], [133.46665954589844, 63.93333435058594], [130.1999969482422, 73.73332977294922], [114.33333587646484, 73.26667022705078], [115.73332977294922, 53.66666793823242], [117.13333129882812, 41.06666564941406], [119.4666748046875, 30.33333396911621], [120.40000915527344, 102.66666412353516], [104.06666564941406, 99.4000015258789], [89.13333129882812, 93.80000305175781], [77.0, 85.4000015258789]], "B6Counting_BB_left_1047.png": [[130.1999969482422, 89.13333129882812], [144.1999969482422, 76.53333282470703], [152.60000610351562, 66.73332977294922], [151.1999969482422, 70.46666717529297], [144.6666717529297, 79.80000305175781], [134.39999389648438, 69.53333282470703], [141.86666870117188, 55.53333282470703], [141.39999389648438, 64.86666870117188], [138.13333129882812, 76.53333282470703], [125.82769775390625, 70.37244415283203], [131.60000610351562, 54.599998474121094], [133.46665954589844, 65.80000305175781], [129.73333740234375, 74.19999694824219], [115.26667022705078, 70.93333435058594], [117.13333129882812, 51.79999923706055], [118.5333251953125, 39.20000076293945], [119.93333435058594, 27.53333282470703], [119.0, 100.80000305175781], [102.19999694824219, 98.46666717529297], [87.26667022705078, 93.33333587646484], [74.19999694824219, 85.86666870117188]], "B6Counting_BB_left_1048.png": [[130.6666717529297, 90.06666564941406], [145.13333129882812, 77.0], [153.06666564941406, 67.19999694824219], [151.6666717529297, 70.93333435058594], [145.13333129882812, 80.26667022705078], [135.3333282470703, 70.0], [142.3333282470703, 56.46666717529297], [141.86666870117188, 65.80000305175781], [138.13333129882812, 77.0], [126.87613677978516, 70.56717681884766], [131.60000610351562, 54.13333511352539], [133.46665954589844, 64.86666870117188], [130.1999969482422, 73.73332977294922], [116.20000457763672, 71.4000015258789], [118.06666564941406, 52.266666412353516], [119.4666748046875, 39.66666793823242], [120.86666870117188, 28.0], [119.0, 101.73332977294922], [102.19999694824219, 99.4000015258789], [87.73332977294922, 93.80000305175781], [74.66666412353516, 86.33333587646484]], "B6Counting_BB_left_1049.png": [[132.06666564941406, 91.0], [146.06666564941406, 77.46666717529297], [152.60000610351562, 68.13333129882812], [151.6666717529297, 71.4000015258789], [145.60000610351562, 80.73332977294922], [135.8000030517578, 70.93333435058594], [141.86666870117188, 56.46666717529297], [141.39999389648438, 65.80000305175781], [138.60000610351562, 77.46666717529297], [126.50731658935547, 72.04219055175781], [131.13333129882812, 55.53333282470703], [133.46665954589844, 65.80000305175781], [130.6666717529297, 74.66666412353516], [116.66666412353516, 73.26667022705078], [118.06666564941406, 54.13333511352539], [119.0, 41.53333282470703], [120.40000915527344, 30.33333396911621], [120.86666870117188, 103.13333129882812], [104.06666564941406, 100.33333587646484], [89.5999984741211, 93.80000305175781], [77.0, 86.33333587646484]], "B6Counting_BB_left_105.png": [[130.1999969482422, 97.06666564941406], [144.6666717529297, 82.5999984741211], [152.13333129882812, 65.80000305175781], [155.39999389648438, 59.26666259765625], [159.60000610351562, 52.733333587646484], [134.86666870117188, 75.5999984741211], [138.60000610351562, 55.06666564941406], [141.39999389648438, 43.86666488647461], [143.73333740234375, 35.93333435058594], [127.77513885498047, 76.11631774902344], [124.59999084472656, 53.20000076293945], [124.59999084472656, 39.66666793823242], [125.06666564941406, 28.933332443237305], [115.26667022705078, 78.86666870117188], [111.06666564941406, 60.20000457763672], [108.26667022705078, 48.53333282470703], [105.93333435058594, 37.33333206176758], [118.5333251953125, 109.66666412353516], [105.0, 107.80000305175781], [92.4000015258789, 103.13333129882812], [87.73332977294922, 90.53333282470703]], "B6Counting_BB_left_1050.png": [[132.06666564941406, 91.46666717529297], [146.06666564941406, 78.4000015258789], [152.13333129882812, 68.5999984741211], [151.1999969482422, 70.93333435058594], [145.60000610351562, 80.73332977294922], [135.8000030517578, 71.86666870117188], [140.93333435058594, 56.93333435058594], [140.93333435058594, 66.26667022705078], [138.60000610351562, 77.93333435058594], [126.41871643066406, 69.1920166015625], [130.1999969482422, 55.06666564941406], [132.53334045410156, 63.46666717529297], [130.6666717529297, 74.19999694824219], [116.66666412353516, 74.19999694824219], [117.59999084472656, 55.06666564941406], [118.5333251953125, 42.93333435058594], [119.93333435058594, 31.733333587646484], [120.86666870117188, 103.5999984741211], [104.06666564941406, 101.73332977294922], [90.06666564941406, 93.80000305175781], [77.0, 86.33333587646484]], "B6Counting_BB_left_1051.png": [[133.0, 90.06666564941406], [146.53334045410156, 76.06666564941406], [152.13333129882812, 68.13333129882812], [151.6666717529297, 70.93333435058594], [146.06666564941406, 80.26667022705078], [136.26666259765625, 69.53333282470703], [141.86666870117188, 56.0], [141.39999389648438, 65.80000305175781], [139.06666564941406, 77.46666717529297], [125.3012924194336, 67.39163970947266], [130.6666717529297, 54.13333511352539], [133.46665954589844, 63.93333435058594], [131.60000610351562, 73.73332977294922], [117.13333129882812, 72.80000305175781], [118.06666564941406, 53.66666793823242], [118.5333251953125, 41.06666564941406], [119.93333435058594, 29.866668701171875], [121.79999542236328, 102.66666412353516], [105.0, 101.73332977294922], [91.0, 94.26667022705078], [77.93333435058594, 86.80000305175781]], "B6Counting_BB_left_1052.png": [[131.60000610351562, 91.46666717529297], [147.0, 79.33333587646484], [154.46665954589844, 69.53333282470703], [153.06666564941406, 72.33333587646484], [146.53334045410156, 81.19999694824219], [137.1999969482422, 71.4000015258789], [143.26666259765625, 57.39999771118164], [143.26666259765625, 65.80000305175781], [140.46665954589844, 77.46666717529297], [128.56414794921875, 69.40141296386719], [132.53334045410156, 54.13333511352539], [133.93333435058594, 63.46666717529297], [131.60000610351562, 73.26667022705078], [117.59999084472656, 72.33333587646484], [120.86666870117188, 53.20000076293945], [122.73332977294922, 41.06666564941406], [125.06666564941406, 29.866668701171875], [118.5333251953125, 102.66666412353516], [102.19999694824219, 98.46666717529297], [87.73332977294922, 91.93333435058594], [75.13333129882812, 83.53333282470703]], "B6Counting_BB_left_1053.png": [[132.53334045410156, 91.46666717529297], [147.93333435058594, 78.86666870117188], [154.46665954589844, 69.06666564941406], [151.6666717529297, 72.80000305175781], [146.06666564941406, 81.66666412353516], [138.13333129882812, 71.4000015258789], [142.8000030517578, 56.93333435058594], [142.8000030517578, 65.33333587646484], [140.0, 76.53333282470703], [125.80162048339844, 71.11809539794922], [131.60000610351562, 53.66666793823242], [133.46665954589844, 62.53333282470703], [132.06666564941406, 73.26667022705078], [118.5333251953125, 73.26667022705078], [119.93333435058594, 53.66666793823242], [121.33333587646484, 41.06666564941406], [123.20000457763672, 29.866668701171875], [120.40000915527344, 103.13333129882812], [103.5999984741211, 98.0], [89.13333129882812, 91.46666717529297], [77.46666717529297, 82.5999984741211]],