{"pck_res": [0.0, 0.0, 0.0, 0.004761904943734407, 0.02380952425301075, 0.13333334028720856, 0.3761904835700989, 0.6857143044471741, 0.8428571224212646, 0.9095237851142883, 0.9142857193946838, 0.9285714030265808, 0.9571428298950195, 1.0, 1.0, 1.0, 1.0, 1.0, 1.0, 1.0], "AUC": 0.6138095189468005}