{"pck_res": [0.0, 0.0, 0.0, 0.0, 0.0, 0.0, 0.0, 0.0, 0.0, 0.0, 0.0, 0.0, 0.0, 0.0, 0.0, 0.004761904943734407, 0.004761904943734407, 0.004761904943734407, 0.004761904943734407, 0.004761904943734407, 0.01904761977493763, 0.03809523954987526, 0.0476190485060215, 0.07619047909975052, 0.095238097012043, 0.12857143580913544, 0.15714286267757416, 0.18571428954601288, 0.24285714328289032, 0.2857142984867096, 0.3380952477455139, 0.4000000059604645, 0.4714285731315613, 0.5190476179122925, 0.5857142806053162, 0.6476190686225891, 0.6857143044471741, 0.7285714149475098, 0.776190459728241, 0.800000011920929, 0.8142856955528259, 0.8476190567016602, 0.8666666746139526, 0.8857142925262451, 0.8999999761581421, 0.8999999761581421, 0.9095237851142883, 0.9142857193946838, 0.9142857193946838, 0.9142857193946838, 0.9142857193946838, 0.9142857193946838, 0.9142857193946838, 0.9142857193946838, 0.9142857193946838, 0.9238095283508301, 0.9285714030265808, 0.9285714030265808, 0.9333333373069763, 0.9476190209388733, 0.9523809552192688, 0.9571428298950195, 0.976190447807312, 0.9809523820877075, 0.9904761910438538, 1.0, 1.0, 1.0, 1.0, 1.0, 1.0, 1.0, 1.0, 1.0, 1.0, 1.0, 1.0, 1.0, 1.0, 1.0, 1.0, 1.0, 1.0, 1.0, 1.0, 1.0, 1.0, 1.0, 1.0, 1.0, 1.0, 1.0, 1.0, 1.0, 1.0, 1.0, 1.0, 1.0, 1.0, 1.0, 1.0], "AUC": 0.6505893443337651}