{"B6Counting_BB_left_1046.png": {"prd_label": [[105.35394287109375, 112.89568328857422], [123.91048431396484, 98.3148422241211], [130.43321228027344, 72.60153198242188], [136.85690307617188, 57.12496566772461], [144.0482177734375, 40.117835998535156], [113.5613021850586, 90.18684387207031], [115.15845489501953, 61.30385971069336], [117.20889282226562, 39.18950653076172], [117.77926635742188, 25.94072723388672], [107.89814758300781, 88.47042846679688], [102.15107727050781, 61.363380432128906], [103.52167510986328, 36.95415496826172], [101.96064758300781, 22.83913803100586], [91.62834167480469, 91.85762023925781], [92.32156372070312, 71.88600158691406], [91.5562973022461, 56.779510498046875], [93.39004516601562, 49.69868850708008], [90.92985534667969, 125.46061706542969], [74.1434555053711, 117.47371673583984], [57.689666748046875, 108.25701904296875], [58.25978469848633, 96.97154235839844]], "resol": 224}, "B6Counting_BB_left_1047.png": {"prd_label": [[105.35053253173828, 112.98409271240234], [123.90531921386719, 98.39459228515625], [130.420166015625, 72.6724624633789], [136.8493194580078, 57.17469787597656], [144.05435180664062, 40.14080810546875], [113.552001953125, 90.26737213134766], [115.13661193847656, 61.37553787231445], [117.1947250366211, 39.23505401611328], [117.77391052246094, 25.961841583251953], [107.87442779541016, 88.55254364013672], [102.1292953491211, 61.45253372192383], [103.4930419921875, 37.01145935058594], [101.92925262451172, 22.85629653930664], [91.61424255371094, 91.94693756103516], [92.30093383789062, 71.97916412353516], [91.53157043457031, 56.87640380859375], [93.35946655273438, 49.764469146728516], [90.92786407470703, 125.55315399169922], [74.12952423095703, 117.56874084472656], [57.68031311035156, 108.35123443603516], [58.257423400878906, 97.06981658935547]], "resol": 224}, "B6Counting_BB_left_1048.png": {"prd_label": [[105.24490356445312, 113.03738403320312], [123.82330322265625, 98.42697143554688], [130.35519409179688, 72.56157684326172], [136.87557983398438, 56.85154724121094], [144.23048400878906, 39.49352264404297], [113.45378112792969, 90.29662322998047], [115.01073455810547, 61.195167541503906], [117.12948608398438, 38.65312576293945], [117.76119995117188, 25.07632064819336], [107.76364135742188, 88.56766510009766], [101.97920989990234, 61.37352752685547], [103.34917449951172, 36.56586456298828], [101.77308654785156, 22.073762893676758], [91.48504638671875, 91.98992919921875], [92.18743896484375, 71.98292541503906], [91.4073486328125, 56.79194641113281], [93.2427749633789, 49.58929443359375], [90.81332397460938, 125.61519622802734], [73.89390563964844, 117.66841888427734], [57.295997619628906, 108.51219177246094], [57.796958923339844, 97.23455810546875]], "resol": 224}, "B6Counting_BB_left_1049.png": {"prd_label": [[104.99596405029297, 113.06352233886719], [123.62353515625, 98.41535949707031], [130.18663024902344, 72.28106689453125], [136.87274169921875, 56.17607116699219], [144.49403381347656, 38.220794677734375], [113.22570037841797, 90.28044891357422], [114.73617553710938, 60.79767990112305], [116.95541381835938, 37.522071838378906], [117.66841888427734, 23.392879486083984], [107.53327178955078, 88.5220947265625], [101.65662384033203, 61.15959930419922], [103.0422134399414, 35.684146881103516], [101.43775939941406, 20.596527099609375], [91.19991302490234, 91.99609375], [91.94420623779297, 71.9322738647461], [91.1561050415039, 56.60346984863281], [93.02310180664062, 49.29079818725586], [90.545654296875, 125.65912628173828], [73.4224853515625, 117.7693862915039], [56.541412353515625, 108.72454833984375], [56.91779327392578, 97.4648666381836]], "resol": 224}, "B6Counting_BB_left_105.png": {"prd_label": [[102.92425537109375, 112.56262969970703], [121.06881713867188, 98.20482635498047], [126.48641967773438, 76.76534271240234], [130.20555114746094, 67.17716217041016], [132.3030548095703, 60.582767486572266], [111.20753479003906, 90.306396484375], [113.41194152832031, 69.5653076171875], [113.03302764892578, 61.54098129272461], [111.0502700805664, 59.086463928222656], [106.9334487915039, 88.88214874267578], [100.78934478759766, 66.47785949707031], [101.8833999633789, 54.100181579589844], [100.46884155273438, 52.14143371582031], [90.02124786376953, 91.87958526611328], [90.62648010253906, 75.43663024902344], [90.91492462158203, 66.34351348876953], [93.53353118896484, 65.4778060913086], [88.6854248046875, 125.31945037841797], [77.58650207519531, 114.79317474365234], [66.75318908691406, 102.75379180908203], [73.16397857666016, 93.07958984375]], "resol": 224}, "B6Counting_BB_left_1050.png": {"prd_label": [[104.84942626953125, 113.12333679199219], [123.51329040527344, 98.44083404541016], [130.1128387451172, 72.06488800048828], [136.94790649414062, 55.61479187011719], [144.80966186523438, 37.131813049316406], [113.08976745605469, 90.30261993408203], [114.55660247802734, 60.458980560302734], [116.87530517578125, 36.5143928527832], [117.6754150390625, 21.88187026977539], [107.37374877929688, 88.52467346191406], [101.43743896484375, 60.99200439453125], [102.83729553222656, 34.91044235229492], [101.21429443359375, 19.27219009399414], [91.01675415039062, 92.04094696044922], [91.78303527832031, 71.90603637695312], [90.97516632080078, 56.42032241821289], [92.85157012939453, 48.95990753173828], [90.38583374023438, 125.73252868652344], [73.05514526367188, 117.91433715820312], [55.91108703613281, 108.98551177978516], [56.139610290527344, 97.72169494628906]], "resol": 224}, "B6Counting_BB_left_1051.png": {"prd_label": [[104.72054290771484, 113.12500762939453], [123.40840148925781, 98.42195129394531], [130.02444458007812, 71.91168212890625], [136.93936157226562, 55.265560150146484], [144.92791748046875, 36.48809814453125], [112.9708480834961, 90.28285217285156], [114.41376495361328, 60.25053024291992], [116.77920532226562, 35.944881439208984], [117.61614990234375, 21.039287567138672], [107.25457763671875, 88.49185943603516], [101.2703857421875, 60.878578186035156], [102.67877197265625, 34.46964645385742], [101.03917694091797, 18.541820526123047], [90.87025451660156, 92.03382873535156], [91.65779113769531, 71.876708984375], [90.84878540039062, 56.331809997558594], [92.74420928955078, 48.829994201660156], [90.24795532226562, 125.74436950683594], [72.81879425048828, 117.95413208007812], [55.528045654296875, 109.0846176147461], [55.693878173828125, 97.82965850830078]], "resol": 224}, "B6Counting_BB_left_1052.png": {"prd_label": [[104.52030181884766, 113.12059020996094], [123.23950958251953, 98.38719940185547], [129.86927795410156, 71.70539093017578], [136.88026428222656, 54.80576705932617], [145.02072143554688, 35.65370178222656], [112.78338623046875, 90.24945831298828], [114.19214630126953, 59.98786163330078], [116.60859680175781, 35.234493255615234], [117.48174285888672, 19.98919677734375], [107.07414245605469, 88.441650390625], [101.0174560546875, 60.74212646484375], [102.43589782714844, 33.92675018310547], [100.76874542236328, 17.6466121673584], [90.64701843261719, 92.02011108398438], [91.46833801269531, 71.85247802734375], [90.6668701171875, 56.260841369628906], [92.59767150878906, 48.73898696899414], [90.03661346435547, 125.7567367553711], [72.49626159667969, 117.990966796875], [55.02052307128906, 109.19256591796875], [55.125450134277344, 97.95923614501953]], "resol": 224},