{"pck_res": [0.0, 0.0004761904710903764, 0.0004761904710903764, 0.009047619067132473, 0.02857142873108387, 0.07619047909975052, 0.16333332657814026, 0.3742857277393341, 0.5904762148857117, 0.7295238375663757, 0.7819047570228577, 0.8271428346633911, 0.8480952382087708, 0.8714285492897034, 0.8971428275108337, 0.9357143044471741, 0.9547619223594666, 0.9800000190734863, 0.9885714054107666, 0.9957143068313599], "AUC": 0.5277500062686159}