{"pck_res": [0.0, 0.0, 0.0, 0.0, 0.0, 0.0, 0.0, 0.0004761904710903764, 0.0004761904710903764, 0.0009523809421807528, 0.0009523809421807528, 0.0009523809421807528, 0.0009523809421807528, 0.0014285714132711291, 0.0023809524718672037, 0.006666666828095913, 0.006666666828095913, 0.009047619067132473, 0.009999999776482582, 0.010476190596818924, 0.012857142835855484, 0.01666666753590107, 0.02190476283431053, 0.03095238097012043, 0.04333333298563957, 0.06380952149629593, 0.08523809164762497, 0.11666666716337204, 0.15761904418468475, 0.20000000298023224, 0.24238094687461853, 0.28380951285362244, 0.32523810863494873, 0.3642857074737549, 0.40857142210006714, 0.45523810386657715, 0.5004761815071106, 0.5452380776405334, 0.5952380895614624, 0.631428599357605, 0.6547619104385376, 0.6747618913650513, 0.6871428489685059, 0.7028571367263794, 0.7128571271896362, 0.7257142663002014, 0.7409523725509644, 0.7519047856330872, 0.7647619247436523, 0.7752380967140198, 0.7885714173316956, 0.8014285564422607, 0.8104761838912964, 0.8223809599876404, 0.8309524059295654, 0.8380952477455139, 0.8438095450401306, 0.8504762053489685, 0.8561905026435852, 0.8619047403335571, 0.8676190376281738, 0.8709523677825928, 0.8752381205558777, 0.8823809623718262, 0.8871428370475769, 0.8914285898208618, 0.895714282989502, 0.9028571248054504, 0.9090476036071777, 0.9123809337615967, 0.9247618913650513, 0.9347618818283081, 0.938095211982727, 0.9442856907844543, 0.9495238065719604, 0.9538094997406006, 0.9609524011611938, 0.965238094329834, 0.9714285731315613, 0.973809540271759, 0.9800000190734863, 0.9852380752563477, 0.989047646522522, 0.991428554058075, 0.9938095211982727, 0.9961904883384705, 0.9976190328598022, 0.9985714554786682, 0.9995238184928894, 1.0, 1.0, 1.0, 1.0, 1.0, 1.0, 1.0, 1.0, 1.0, 1.0, 1.0, 1.0], "AUC": 0.5890146161643972}