{"pck_res": [0.0, 0.0, 0.0, 0.0, 0.0, 0.0004761904710903764, 0.0004761904710903764, 0.0004761904710903764, 0.0004761904710903764, 0.0004761904710903764, 0.0004761904710903764, 0.0009523809421807528, 0.0009523809421807528, 0.0014285714132711291, 0.004761904943734407, 0.0071428571827709675, 0.009999999776482582, 0.017142856493592262, 0.02142857201397419, 0.024761904031038284, 0.02857142873108387, 0.031904760748147964, 0.04380952566862106, 0.049047619104385376, 0.058571428060531616, 0.07190476357936859, 0.0833333358168602, 0.09666666388511658, 0.11047618836164474, 0.12666666507720947, 0.14571428298950195, 0.18142856657505035, 0.22857142984867096, 0.26571428775787354, 0.30142858624458313, 0.3509523868560791, 0.3866666555404663, 0.43095237016677856, 0.47238096594810486, 0.5195237994194031, 0.5580952167510986, 0.5980952382087708, 0.6333333253860474, 0.6619047522544861, 0.6857143044471741, 0.7071428298950195, 0.7333333492279053, 0.7528571486473083, 0.7623809576034546, 0.7680952548980713, 0.7742857336997986, 0.7823809385299683, 0.7919047474861145, 0.8033333420753479, 0.8104761838912964, 0.8214285969734192, 0.8271428346633911, 0.8328571319580078, 0.8380952477455139, 0.8414285778999329, 0.845714271068573, 0.8480952382087708, 0.8523809313774109, 0.8571428656578064, 0.8623809814453125, 0.8657143115997314, 0.8709523677825928, 0.8752381205558777, 0.881428599357605, 0.8852381110191345, 0.8885714411735535, 0.8947619199752808, 0.9023809432983398, 0.9080952405929565, 0.9209523797035217, 0.9290476441383362, 0.9342857003211975, 0.9366666674613953, 0.9395238161087036, 0.9428571462631226, 0.9485714435577393, 0.9528571367263794, 0.9571428298950195, 0.9647619128227234, 0.9695237874984741, 0.9747619032859802, 0.9785714149475098, 0.9800000190734863, 0.9819047451019287, 0.9852380752563477, 0.9861904978752136, 0.988095223903656, 0.9900000095367432, 0.991428554058075, 0.9942857027053833, 0.9952380657196045, 0.9957143068313599, 0.9957143068313599, 0.9971428513526917, 0.9990476369857788, 1.0], "AUC": 0.5646298930756656}