{"0.0": 0.0, "0.05": 0.0, "0.1": 0.01952380952380954, "0.15000000000000002": 0.03904761904761899, "0.2": 0.09190476190476186, "0.25": 0.23619047619047592, "0.30000000000000004": 0.4419047619047618, "0.35000000000000003": 0.6019047619047619, "0.4": 0.6857142857142858, "0.45": 0.7757142857142851, "0.5": 0.8228571428571431, "0.55": 0.8904761904761906, "0.6000000000000001": 0.9071428571428574, "0.65": 0.9323809523809516, "0.7000000000000001": 0.9595238095238073, "0.75": 0.976666666666665, "0.8": 0.977619047619046, "0.8500000000000001": 0.9785714285714271, "0.9": 0.979523809523808}