{"pck_res": [0.0, 0.0, 0.0009523809421807528, 0.006666666828095913, 0.014761905185878277, 0.06809523701667786, 0.27000001072883606, 0.4823809564113617, 0.6695238351821899, 0.7371428608894348, 0.8009523749351501, 0.8438095450401306, 0.8709523677825928, 0.8971428275108337, 0.9366666674613953, 0.9623809456825256, 0.988095223903656, 0.9976190328598022, 1.0, 1.0], "AUC": 0.5523571455676575}