{"pck_res": [0.0, 0.3095238208770752, 0.5904762148857117, 0.776190459728241, 0.8809523582458496, 0.9333333373069763, 0.9571428298950195, 0.9714285731315613, 0.9857142567634583, 0.9952380657196045, 1.0, 1.0, 1.0, 1.0, 1.0, 1.0, 1.0, 1.0, 1.0, 1.0], "AUC": 0.8450000002980232}