{"pck_res": [0.0, 0.06666667014360428, 0.10476190596818924, 0.18095238506793976, 0.24285714328289032, 0.3047619163990021, 0.36666667461395264, 0.43809524178504944, 0.4761904776096344, 0.5523809790611267, 0.5904762148857117, 0.6142857074737549, 0.6619047522544861, 0.6952381134033203, 0.7333333492279053, 0.7714285850524902, 0.7857142686843872, 0.8095238208770752, 0.8238095045089722, 0.8476190567016602, 0.8714285492897034, 0.8952381014823914, 0.9142857193946838, 0.9190475940704346, 0.9238095283508301, 0.9333333373069763, 0.9333333373069763, 0.938095211982727, 0.9428571462631226, 0.9476190209388733, 0.9571428298950195, 0.961904764175415, 0.961904764175415, 0.961904764175415, 0.9666666388511658, 0.9714285731315613, 0.9714285731315613, 0.9809523820877075, 0.9809523820877075, 0.9857142567634583, 0.9857142567634583, 0.9857142567634583, 0.9857142567634583, 0.9857142567634583, 0.9904761910438538, 0.9952380657196045, 0.9952380657196045, 0.9952380657196045, 0.9952380657196045, 0.9952380657196045, 0.9952380657196045, 1.0, 1.0, 1.0, 1.0, 1.0, 1.0, 1.0, 1.0, 1.0, 1.0, 1.0, 1.0, 1.0, 1.0, 1.0, 1.0, 1.0, 1.0, 1.0, 1.0, 1.0, 1.0, 1.0, 1.0, 1.0, 1.0, 1.0, 1.0, 1.0, 1.0, 1.0, 1.0, 1.0, 1.0, 1.0, 1.0, 1.0, 1.0, 1.0, 1.0, 1.0, 1.0, 1.0, 1.0, 1.0, 1.0, 1.0, 1.0, 1.0, 1.0], "AUC": 0.8850542164896384}