{"pck_res": [0.0, 0.0621434710919857, 0.10354600846767426, 0.1641605943441391, 0.23847024142742157, 0.31650838255882263, 0.3928661644458771, 0.46646907925605774, 0.534014105796814, 0.595970094203949, 0.650923490524292, 0.699494481086731, 0.7419931888580322, 0.7780950665473938, 0.8106272220611572, 0.838695228099823, 0.8622848391532898, 0.8822757601737976, 0.899345874786377, 0.9140578508377075, 0.9269524216651917, 0.9374454617500305, 0.9466476440429688, 0.9545372724533081, 0.9610999226570129, 0.9667539000511169, 0.9712324142456055, 0.975184440612793, 0.9787037372589111, 0.9816461205482483, 0.9838745594024658, 0.9860525131225586, 0.9877544641494751, 0.9893771409988403, 0.99086993932724, 0.9919949769973755, 0.9930623173713684, 0.9939565658569336, 0.9946921467781067, 0.9952835440635681, 0.9958748817443848, 0.9963148236274719, 0.9967763423919678, 0.9972234964370728, 0.9974903464317322, 0.9977859854698181, 0.998074471950531, 0.9983268976211548, 0.9985072016716003, 0.9987018704414368, 0.9988821744918823, 0.9990769028663635, 0.9991922974586487, 0.9993293285369873, 0.9994086623191833, 0.9994807839393616, 0.9995384216308594, 0.9995816946029663, 0.9996610283851624, 0.9996898770332336, 0.9997259378433228, 0.9997836351394653, 0.999798059463501, 0.9998341202735901, 0.9998485445976257, 0.9998846054077148, 0.9999134540557861, 0.999920666217804, 0.9999278783798218, 0.9999495148658752, 0.9999567270278931, 0.9999567270278931, 0.9999567270278931, 0.9999567270278931, 0.9999711513519287, 0.9999783635139465, 0.9999855756759644, 0.9999927878379822, 1.0, 1.0, 1.0, 1.0, 1.0, 1.0, 1.0, 1.0, 1.0, 1.0, 1.0, 1.0, 1.0, 1.0, 1.0, 1.0, 1.0, 1.0, 1.0, 1.0, 1.0, 1.0, 1.0], "AUC": 0.9002606065224598}