{"pck_res": [0.0, 0.32351815700531006, 0.6603491902351379, 0.8453156352043152, 0.9309765696525574, 0.9688885807991028, 0.9850861430168152, 0.9926944971084595, 0.9961777925491333, 0.9980095624923706, 0.9990552663803101, 0.9995384216308594, 0.9997908473014832, 0.999920666217804, 0.9999567270278931, 0.9999855756759644, 1.0, 1.0, 1.0, 1.0], "AUC": 0.859963183104992}