{"pck_res": [0.0, 0.3142857253551483, 0.653333306312561, 0.8464285731315613, 0.9373809695243835, 0.9730952382087708, 0.9859523773193359, 0.9933333396911621, 0.9973809719085693, 0.9988095164299011, 0.9992856979370117, 0.9997618794441223, 1.0, 1.0, 1.0, 1.0, 1.0, 1.0, 1.0, 1.0], "AUC": 0.8599523775279522}