{"pck_res": [0.0, 0.06190476194024086, 0.09976190328598022, 0.16214285790920258, 0.23095238208770752, 0.30761903524398804, 0.3819047510623932, 0.45404762029647827, 0.5178571343421936, 0.5840476155281067, 0.6426190733909607, 0.6928571462631226, 0.744523823261261, 0.7804762125015259, 0.8116666674613953, 0.8380952477455139, 0.8652380704879761, 0.8847619295120239, 0.9038095474243164, 0.92166668176651, 0.9323809742927551, 0.9438095092773438, 0.9545238018035889, 0.9607142806053162, 0.9666666388511658, 0.9721428751945496, 0.9759523868560791, 0.9785714149475098, 0.9814285635948181, 0.9833333492279053, 0.9857142567634583, 0.9869047403335571, 0.9885714054107666, 0.9902380704879761, 0.9916666746139526, 0.9926190376281738, 0.9933333396911621, 0.9950000047683716, 0.9961904883384705, 0.9969047904014587, 0.9969047904014587, 0.9973809719085693, 0.9976190328598022, 0.9980952143669128, 0.9985714554786682, 0.9988095164299011, 0.9990476369857788, 0.9990476369857788, 0.9990476369857788, 0.9990476369857788, 0.9990476369857788, 0.9992856979370117, 0.9997618794441223, 0.9997618794441223, 0.9997618794441223, 0.9997618794441223, 0.9997618794441223, 1.0, 1.0, 1.0, 1.0, 1.0, 1.0, 1.0, 1.0, 1.0, 1.0, 1.0, 1.0, 1.0, 1.0, 1.0, 1.0, 1.0, 1.0, 1.0, 1.0, 1.0, 1.0, 1.0, 1.0, 1.0, 1.0, 1.0, 1.0, 1.0, 1.0, 1.0, 1.0, 1.0, 1.0, 1.0, 1.0, 1.0, 1.0, 1.0, 1.0, 1.0, 1.0, 1.0, 1.0], "AUC": 0.9003300330610854}