{"BB121123.png": {"prd_label": [[96.68323516845703, 111.06282043457031], [108.54298400878906, 97.61753845214844], [118.7192611694336, 96.21714782714844], [128.75440979003906, 99.0975112915039], [141.17431640625, 102.52192687988281], [114.92951965332031, 96.65478515625], [125.95046997070312, 96.1184310913086], [135.93617248535156, 98.98151397705078], [145.5057373046875, 105.07620239257812], [111.96923828125, 112.138427734375], [123.87324523925781, 117.8084487915039], [134.92623901367188, 120.9698486328125], [144.19126892089844, 122.31245422363281], [107.7787094116211, 128.3551483154297], [118.3719482421875, 133.77139282226562], [129.53219604492188, 137.00709533691406], [139.894287109375, 137.0721435546875], [106.07699584960938, 139.9413604736328], [114.34551239013672, 142.8933563232422], [122.30517578125, 144.4830322265625], [129.1267852783203, 144.9849395751953]], "resol": 224}, "SiBF140801.png": {"prd_label": [[170.84286499023438, 129.7960662841797], [148.9249267578125, 126.64546203613281], [126.6214599609375, 129.11526489257812], [107.27779388427734, 133.57862854003906], [87.02641296386719, 141.5093231201172], [113.82591247558594, 108.8938980102539], [91.97468566894531, 107.2466049194336], [79.61956024169922, 113.43773651123047], [70.61492156982422, 123.05010986328125], [112.13143157958984, 112.06460571289062], [92.28372192382812, 113.69020080566406], [80.20320129394531, 119.99995422363281], [72.77677154541016, 128.52438354492188], [120.26820373535156, 120.98133850097656], [102.30229187011719, 123.2305908203125], [88.78609466552734, 128.66424560546875], [79.20446014404297, 135.62196350097656], [126.33972930908203, 129.3225860595703], [114.08563995361328, 132.83200073242188], [103.5256118774414, 136.06561279296875], [97.03746795654297, 140.8733367919922]], "resol": 224}, "SiBF130108.png": {"prd_label": [[151.21945190429688, 128.19927978515625], [145.48251342773438, 120.807861328125], [135.19168090820312, 120.48261260986328], [124.24408721923828, 123.56130981445312], [114.4439697265625, 129.65391540527344], [119.14753723144531, 106.61418151855469], [107.2746810913086, 101.71759033203125], [100.87055969238281, 105.08219909667969], [96.6705322265625, 112.65238952636719], [112.14935302734375, 111.94573974609375], [99.72138214111328, 110.51323699951172], [93.603515625, 114.64846801757812], [92.09703063964844, 120.66262817382812], [112.97100830078125, 122.49727630615234], [102.26556396484375, 122.29337310791016], [95.4810791015625, 125.56069946289062], [92.95836639404297, 129.91883850097656], [114.67352294921875, 130.9742889404297], [108.09931182861328, 133.00772094726562], [102.83287048339844, 135.17002868652344], [101.5180435180664, 138.37420654296875]], "resol": 224}, "ShSu140503.png": {"prd_label": [[143.35133361816406, 153.66085815429688], [113.42525482177734, 149.9122314453125], [94.38365173339844, 145.9988250732422], [82.21770477294922, 144.3097381591797], [68.02313995361328, 147.6912841796875], [97.04032897949219, 116.02285766601562], [83.6554946899414, 106.56932067871094], [77.3064956665039, 108.73450469970703], [74.86860656738281, 115.55364990234375], [112.25940704345703, 111.94393157958984], [105.37358093261719, 106.23597717285156], [99.01899719238281, 109.2569351196289], [93.1250228881836, 117.3791732788086], [130.82179260253906, 119.01715850830078], [124.61473083496094, 116.11653137207031], [117.67008972167969, 119.47169494628906], [109.21708679199219, 125.87349700927734], [142.912353515625, 127.06063842773438], [136.93563842773438, 129.081787109375], [130.59532165527344, 131.50827026367188], [124.3254623413086, 137.4105682373047]], "resol": 224}, "BB120824.png": {"prd_label": [[89.74494934082031, 95.18202209472656], [91.40409851074219, 82.71632385253906], [98.26435852050781, 72.78671264648438], [106.75399780273438, 66.62796020507812], [116.66384887695312, 56.57966613769531], [103.98905944824219, 100.48252868652344], [116.66815948486328, 97.8620834350586], [126.42973327636719, 89.22599792480469], [135.48223876953125, 77.8897933959961], [112.22251892089844, 112.2807388305664], [124.91361999511719, 101.82591247558594], [132.9652862548828, 88.72109985351562], [136.97698974609375, 73.21687316894531], [116.56774139404297, 113.51470947265625], [127.10421752929688, 103.04862213134766], [134.0874481201172, 87.56478881835938], [137.06124877929688, 71.2166519165039], [119.33338928222656, 111.12408447265625], [125.61793518066406, 99.22038269042969], [129.38885498046875, 87.4842529296875], [130.66839599609375, 76.11620330810547]], "resol": 224}, "MDF110361.png": {"prd_label": [[116.03413391113281, 92.70380401611328], [106.53147888183594, 86.91258239746094], [104.005615234375, 81.69219970703125], [104.10343170166016, 78.27596282958984], [106.41168212890625, 71.39936828613281], [101.73052215576172, 105.42616271972656], [103.37488555908203, 105.03765869140625], [108.85844421386719, 98.86076354980469], [116.727294921875, 89.43470764160156], [112.08255004882812, 112.08148193359375], [117.79158782958984, 102.8016357421875], [122.3087158203125, 92.53645324707031], [125.75875091552734, 80.32540130615234], [124.11791229248047, 109.31338500976562], [128.9014892578125, 99.65773010253906], [132.62196350097656, 86.87889099121094], [134.50595092773438, 73.8133316040039], [132.8433837890625, 104.52838134765625], [135.44412231445312, 94.31070709228516], [136.3419952392578, 84.60707092285156], [136.68838500976562, 75.36107635498047]], "resol": 224}, "GPMF130386.png": {"prd_label": [[147.49002075195312, 106.90234375], [143.65939331054688, 102.27914428710938], [136.7061309814453, 104.28001403808594], [129.21478271484375, 109.95930480957031], [122.4952621459961, 116.98450469970703], [117.99949645996094, 103.95635986328125], [107.45404052734375, 105.20611572265625], [102.51872253417969, 110.029541015625], [100.30901336669922, 116.9144515991211], [112.20602416992188, 112.1202392578125], [101.41921997070312, 116.07984924316406], [97.27657318115234, 120.86944580078125], [97.70327758789062, 124.92070007324219], [114.05624389648438, 120.1749267578125], [104.66314697265625, 124.45462036132812], [100.01972198486328, 128.8961181640625], [99.75072479248047, 132.086669921875], [116.41984558105469, 126.48887634277344], [111.3488998413086, 130.16970825195312], [107.97819519042969, 133.0311279296875], [108.41217041015625, 134.98284912109375]], "resol": 224}, "ABF120707.png": {"prd_label": [[121.24706268310547, 85.2585220336914], [117.140869140625, 78.0073471069336], [119.50630187988281, 75.325439453125], [124.01569366455078, 76.07613372802734], [130.6056365966797, 73.5774917602539], [105.45487213134766, 99.83100128173828], [105.31913757324219, 103.78202819824219], [111.02287292480469, 101.96896362304688], [121.02447509765625, 97.79364776611328], [111.99014282226562, 112.14065551757812], [116.26997375488281, 112.47760772705078], [123.11398315429688, 108.05614471435547], [130.59922790527344, 99.27247619628906], [123.89401245117188, 114.76638793945312], [128.09783935546875, 114.44367218017578], [134.42483520507812, 108.51040649414062], [139.85902404785156, 99.59779357910156], [133.50291442871094, 114.60936737060547], [138.0632781982422, 110.6635971069336], [142.15206909179688, 105.72795867919922], [146.28370666503906, 99.13375091552734]], "resol": 224},