{"BB121123.png": [[81.9476089477539, 112.01274871826172], [102.68035888671875, 104.22374725341797], [113.50970458984375, 98.20362091064453], [124.38380432128906, 97.90605163574219], [140.41177368164062, 96.51741790771484], [120.05746459960938, 98.86593627929688], [134.3638458251953, 100.98684692382812], [144.90829467773438, 109.7804946899414], [149.13099670410156, 127.678466796875], [111.9349365234375, 112.44632720947266], [124.63909912109375, 119.44276428222656], [138.0887908935547, 129.10324096679688], [143.06930541992188, 132.47018432617188], [103.40228271484375, 124.01195526123047], [115.06591796875, 131.04481506347656], [129.73500061035156, 138.71754455566406], [133.60182189941406, 141.3951416015625], [98.02278900146484, 133.69180297851562], [105.00492095947266, 142.68307495117188], [116.02558898925781, 145.6498260498047], [128.07081604003906, 148.7250213623047]], "SiBF140801.png": [[171.20211791992188, 127.23860168457031], [146.6285858154297, 133.5266571044922], [124.12716674804688, 134.0024871826172], [107.0411376953125, 136.68348693847656], [87.12136840820312, 143.44129943847656], [111.51011657714844, 112.24848175048828], [90.97171020507812, 110.16166687011719], [78.8713150024414, 115.3787841796875], [68.57657623291016, 123.16091918945312], [112.05611419677734, 111.6141357421875], [96.08576965332031, 112.42843627929688], [84.53392791748047, 118.5130844116211], [77.58586120605469, 130.05345153808594], [125.43133544921875, 114.40574645996094], [109.24977111816406, 117.57681274414062], [96.71194458007812, 123.9872055053711], [87.89204406738281, 135.19163513183594], [134.3121795654297, 120.47236633300781], [124.4040756225586, 128.8527069091797], [115.634033203125, 136.19943237304688], [108.21729278564453, 144.34304809570312]]}