{"pck_res": [0.0, 0.3095238208770752, 0.5714285969734192, 0.9285714030265808, 0.9523809552192688, 0.976190447807312, 1.0, 1.0, 1.0, 1.0, 1.0, 1.0, 1.0, 1.0, 1.0, 1.0, 1.0, 1.0, 1.0, 1.0], "AUC": 0.861904762685299}