{"143_00009879.jpg": [[93.15899658203125, 69.96099853515625], [113.25799560546875, 75.21900177001953], [135.87899780273438, 86.21399688720703], [150.8280029296875, 95.93800354003906], [164.39199829101562, 100.30000305175781], [126.90099334716797, 109.2959976196289], [138.46800231933594, 129.4149932861328], [146.17999267578125, 141.8489990234375], [153.25900268554688, 152.0240020751953], [112.43907165527344, 112.8952407836914], [127.36900329589844, 139.01600646972656], [136.08399963378906, 151.97000122070312], [143.81399536132812, 161.56500244140625], [108.51799774169922, 117.79598999023438], [117.42401123046875, 138.53500366210938], [126.6139907836914, 150.51199340820312], [134.36000061035156, 159.5540008544922], [101.79100036621094, 118.4959945678711], [108.6989974975586, 135.97799682617188], [113.56300354003906, 144.44200134277344], [118.38999938964844, 152.093994140625]], "143_00007081.jpg": [[84.25499725341797, 140.40199279785156], [87.34300231933594, 119.04499816894531], [91.93499755859375, 94.71900177001953], [92.5530014038086, 75.27100372314453], [94.94499969482422, 58.03300476074219], [107.89900207519531, 101.52400207519531], [113.07598876953125, 90.31099700927734], [114.65099334716797, 84.47100067138672], [115.91700744628906, 78.86900329589844], [112.74365997314453, 112.25662994384766], [113.59799194335938, 105.04199981689453], [114.75399780273438, 100.13999938964844], [114.14900970458984, 95.53800201416016], [106.01200103759766, 126.46701049804688], [111.42400360107422, 121.08200073242188], [113.53999328613281, 116.57498931884766], [113.87000274658203, 112.98799133300781], [102.58499908447266, 140.10499572753906], [106.73899841308594, 136.3939971923828], [109.48200225830078, 134.27699279785156], [111.46600341796875, 131.67300415039062]], "Alexander_a_visit_to_the_cafe.flv_000008_l.jpg": [[139.69049072265625, 127.04995727539062], [133.06463623046875, 115.64989471435547], [129.75177001953125, 96.14984130859375], [128.54705810546875, 76.94973754882812], [137.8834228515625, 64.34970092773438], [114.9942626953125, 98.54983520507812], [100.5379638671875, 88.94979858398438], [85.78048706054688, 82.94976806640625], [78.55230712890625, 80.54974365234375], [112.498291015625, 112.87181091308594], [87.888671875, 103.349853515625], [72.83001708984375, 97.64984130859375], [62.288970947265625, 93.74981689453125], [106.26025390625, 121.0499267578125], [84.57577514648438, 117.14993286132812], [68.91476440429688, 113.24990844726562], [59.277225494384766, 110.2498779296875], [105.65789794921875, 132.14999389648438], [84.27459716796875, 127.3499755859375], [73.432373046875, 124.34994506835938], [67.40890502929688, 121.6499252319336]], "synth2_00001777.jpg": [[99.5617904663086, 89.28981018066406], [108.19921875, 70.28348541259766], [110.01542663574219, 44.700443267822266], [124.36361694335938, 53.336551666259766], [138.14828491210938, 66.839599609375], [86.77799224853516, 94.46294403076172], [89.68778991699219, 88.45967864990234], [96.95668029785156, 83.25157928466797], [115.46150970458984, 75.8697509765625], [87.6878890991211, 115.22227478027344], [96.4830322265625, 141.88092041015625], [117.58659362792969, 141.27764892578125], [139.531005859375, 136.3570556640625], [89.89547729492188, 134.0330810546875], [115.98728942871094, 147.17166137695312], [134.34100341796875, 129.56857299804688], [144.51377868652344, 109.97805786132812], [95.18017578125, 145.9830780029297], [106.23165130615234, 163.1817626953125], [123.16018676757812, 153.2023162841797], [134.0155792236328, 129.75025939941406]], "143_00002068.jpg": [[98.4260025024414, 145.3179931640625], [107.49800109863281, 131.5590057373047], [118.06800079345703, 113.20599365234375], [116.58200073242188, 97.48200225830078], [115.41999816894531, 86.06600189208984], [117.52299499511719, 106.66699981689453], [113.09300231933594, 85.67900085449219], [109.46199798583984, 87.13500213623047], [108.76300048828125, 93.71099853515625], [112.41633605957031, 112.457275390625], [100.83399963378906, 89.27899932861328], [99.64199829101562, 96.87300109863281], [101.1240005493164, 103.99199676513672], [97.17500305175781, 111.26799774169922], [90.43299865722656, 94.14800262451172], [91.77200317382812, 102.12799835205078], [93.73899841308594, 109.62799835205078], [87.16300201416016, 113.98100280761719], [82.97799682617188, 103.072998046875], [83.91000366210938, 108.75199890136719], [85.43199920654297, 114.87599182128906]], "143_00004420.jpg": [[83.26799774169922, 133.17599487304688], [98.96600341796875, 126.66000366210938], [120.88301086425781, 119.64900207519531], [136.75100708007812, 116.01200103759766], [149.58999633789062, 113.86699676513672], [118.99501037597656, 104.46800231933594], [136.6649932861328, 103.22000122070312], [147.7469940185547, 106.16100311279297], [156.14500427246094, 108.39299774169922], [112.5894775390625, 112.39906311035156], [132.00999450683594, 123.5989990234375], [130.73599243164062, 133.37100219726562], [125.9840087890625, 135.4029998779297], [104.56500244140625, 115.3659896850586], [122.99600219726562, 130.76600646972656], [121.8060073852539, 138.0279998779297], [117.09799194335938, 138.5919952392578], [98.56199645996094, 124.18000030517578], [112.61799621582031, 136.54200744628906], [112.25399780273438, 141.9759979248047], [108.61699676513672, 142.12600708007812]], "synth1_5841.jpg": [[112.64090728759766, 93.03025817871094], [114.9586410522461, 97.91045379638672], [116.21742248535156, 105.34506225585938], [116.80361938476562, 112.03166961669922], [0.0, 0.0], [110.73027801513672, 110.37613677978516], [111.14488220214844, 117.53434753417969], [113.67222595214844, 122.5372085571289], [0.0, 0.0], [108.24651336669922, 108.47798919677734], [110.4049301147461, 118.2973403930664], [113.83403015136719, 122.8141860961914], [0.0, 0.0], [109.70759582519531, 110.54946899414062], [109.99897003173828, 116.5600357055664], [113.38488006591797, 120.99397277832031], [0.0, 0.0], [110.82068634033203, 108.9164047241211], [111.57100677490234, 115.75215148925781], [113.78912353515625, 119.09600830078125], [0.0, 0.0]], "143_00005585.jpg": [[149.28399658203125, 107.66100311279297], [148.30599975585938, 98.35800170898438], [143.3730010986328, 87.0479965209961], [137.67599487304688, 80.68900299072266], [133.86900329589844, 71.02200317382812], [117.33000183105469, 106.77899932861328], [101.5999984741211, 114.156005859375], [92.19999694824219, 120.322998046875], [83.74700164794922, 125.87899780273438], [112.51644897460938, 112.06069946289062], [98.65799713134766, 127.36499786376953], [89.82599639892578, 136.2570037841797], [83.30000305175781, 143.88800048828125], [116.10501098632812, 124.96199035644531], [100.80599975585938, 136.1009979248047], [92.46399688720703, 144.32699584960938], [85.26899719238281, 151.8249969482422], [119.16699981689453, 132.89100646972656], [107.0459976196289, 142.86000061035156], [99.72599792480469, 148.3679962158203], [93.83899688720703, 152.63499450683594]], "143_00014302.jpg": [[109.80500030517578, 102.01100158691406], [118.29400634765625, 102.37699890136719], [125.47699737548828, 102.61000061035156], [130.8090057373047, 104.29900360107422], [135.55499267578125, 103.7760009765625], [118.21099853515625, 103.97100067138672], [118.6409912109375, 106.28199768066406], [119.41099548339844, 109.27899932861328], [120.77200317382812, 111.73600006103516], [112.66386413574219, 112.10028076171875], [111.98400115966797, 111.8489990234375], [111.8280029296875, 114.03500366210938], [111.75399780273438, 115.88999938964844], [109.33000183105469, 113.94000244140625], [107.80799865722656, 119.48500061035156], [110.31500244140625, 124.8639907836914], [113.25100708007812, 129.63800048828125], [105.75499725341797, 119.04300689697266], [106.60299682617188, 127.08899688720703], [107.55400085449219, 132.58299255371094], [108.802001953125, 137.2239990234375]],