{"pck_res": [0.0, 0.004761904943734407, 0.02380952425301075, 0.10476190596818924, 0.22857142984867096, 0.34761905670166016, 0.4476190507411957, 0.5761904716491699, 0.6523809432983398, 0.7095237970352173, 0.7904762029647827, 0.8904761672019958, 0.9190475940704346, 0.938095211982727, 0.961904764175415, 0.961904764175415, 0.9714285731315613, 0.9714285731315613, 0.9714285731315613, 0.976190447807312], "AUC": 0.5979761880473236}