{"pck_res": [0.0, 0.0, 0.0, 0.0, 0.004761904943734407, 0.004761904943734407, 0.009523809887468815, 0.009523809887468815, 0.014285714365541935, 0.02380952425301075, 0.02380952425301075, 0.03333333507180214, 0.0476190485060215, 0.06666667014360428, 0.08095238357782364, 0.09047619253396988, 0.13333334028720856, 0.17619048058986664, 0.18571428954601288, 0.20000000298023224, 0.22380952537059784, 0.24285714328289032, 0.27142858505249023, 0.2904762029647827, 0.3285714387893677, 0.34761905670166016, 0.37142857909202576, 0.39047619700431824, 0.4000000059604645, 0.4047619104385376, 0.43809524178504944, 0.4523809552192688, 0.4761904776096344, 0.5047619342803955, 0.5333333611488342, 0.5714285969734192, 0.5761904716491699, 0.5857142806053162, 0.6142857074737549, 0.6238095164299011, 0.6380952596664429, 0.6523809432983398, 0.6761904954910278, 0.6809523701667786, 0.6904761791229248, 0.7047619223594666, 0.7095237970352173, 0.7142857313156128, 0.738095223903656, 0.7476190328598022, 0.776190459728241, 0.7904762029647827, 0.8142856955528259, 0.8476190567016602, 0.8523809313774109, 0.8666666746139526, 0.8904761672019958, 0.8952381014823914, 0.8999999761581421, 0.9047619104385376, 0.9142857193946838, 0.9190475940704346, 0.9190475940704346, 0.9238095283508301, 0.9238095283508301, 0.9285714030265808, 0.938095211982727, 0.9476190209388733, 0.9476190209388733, 0.9571428298950195, 0.961904764175415, 0.961904764175415, 0.961904764175415, 0.961904764175415, 0.961904764175415, 0.961904764175415, 0.961904764175415, 0.9666666388511658, 0.9666666388511658, 0.9714285731315613, 0.9714285731315613, 0.9714285731315613, 0.9714285731315613, 0.9714285731315613, 0.9714285731315613, 0.9714285731315613, 0.9714285731315613, 0.9714285731315613, 0.9714285731315613, 0.9714285731315613, 0.9714285731315613, 0.9714285731315613, 0.9714285731315613, 0.9714285731315613, 0.9714285731315613, 0.9714285731315613, 0.976190447807312, 0.976190447807312, 0.976190447807312, 0.976190447807312, 0.976190447807312], "AUC": 0.6350070685862867}