{"143_00009879.jpg": {"prd_label": [[42.91801834106445, 79.77445983886719], [67.30805969238281, 89.9568099975586], [77.9948501586914, 99.88031768798828], [101.82401275634766, 105.54408264160156], [116.05558013916016, 109.50202941894531], [103.55545043945312, 115.03096008300781], [127.81944274902344, 126.19654846191406], [139.2505340576172, 130.57383728027344], [130.913818359375, 125.11798858642578], [95.01356506347656, 110.43727111816406], [123.65142822265625, 117.66963195800781], [127.76725006103516, 118.33509826660156], [115.72132873535156, 119.4263916015625], [90.01856231689453, 101.7860107421875], [120.14447021484375, 115.0169448852539], [129.3675994873047, 110.28214263916016], [124.38479614257812, 110.41294860839844], [85.50276184082031, 95.9580078125], [106.6923828125, 103.30171203613281], [112.04927825927734, 103.26512908935547], [108.90333557128906, 104.78465270996094]], "resol": 224}, "143_00007081.jpg": {"prd_label": [[43.11283493041992, 73.56504821777344], [66.7264404296875, 87.46629333496094], [77.31378936767578, 98.60245513916016], [101.70175170898438, 105.07357788085938], [125.04501342773438, 119.6412582397461], [103.33392333984375, 116.25593566894531], [127.20604705810547, 129.66741943359375], [139.69512939453125, 134.912353515625], [140.27186584472656, 139.01095581054688], [94.44148254394531, 109.10238647460938], [122.99190521240234, 117.08161163330078], [126.6636962890625, 117.87380981445312], [123.43294525146484, 129.4705047607422], [89.93072509765625, 97.26934814453125], [119.8281478881836, 112.20024108886719], [129.5951690673828, 106.46619415283203], [133.47323608398438, 116.48146057128906], [85.62977600097656, 89.32687377929688], [107.0440444946289, 97.10636138916016], [112.32408142089844, 97.19527435302734], [118.33255004882812, 109.0836181640625]], "resol": 224}, "Alexander_a_visit_to_the_cafe.flv_000008_l.jpg": {"prd_label": [[135.133544921875, 174.67532348632812], [126.26728057861328, 158.53965759277344], [123.05711364746094, 150.5238037109375], [119.09370422363281, 128.66305541992188], [110.289794921875, 109.28106689453125], [120.08296203613281, 138.3789825439453], [110.06526947021484, 110.61388397216797], [105.00634765625, 100.52366638183594], [105.48735046386719, 100.65303039550781], [120.55542755126953, 133.5244140625], [107.89397430419922, 97.55592346191406], [101.55679321289062, 85.7275161743164], [95.49602508544922, 90.92413330078125], [121.7682876586914, 126.87605285644531], [105.8781509399414, 92.97207641601562], [105.4388198852539, 82.73894500732422], [106.29640197753906, 88.99674224853516], [121.74087524414062, 126.74722290039062], [113.9019775390625, 105.97013092041016], [110.98182678222656, 99.46219635009766], [110.50276184082031, 102.73272705078125]], "resol": 224}, "synth2_00001777.jpg": {"prd_label": [[118.97758483886719, 40.06501770019531], [116.9291000366211, 64.8620834350586], [114.98483276367188, 76.769287109375], [112.63790893554688, 95.3739242553711], [110.5708236694336, 108.23321533203125], [118.40632629394531, 108.07308197021484], [112.97103881835938, 134.3384552001953], [113.69209289550781, 141.58700561523438], [107.66246032714844, 135.02781677246094], [115.08192443847656, 103.15332794189453], [109.43385314941406, 129.76890563964844], [108.53562927246094, 135.14891052246094], [102.29205322265625, 129.03347778320312], [114.16983795166016, 93.17784881591797], [109.77794647216797, 124.88359069824219], [108.94316864013672, 125.51422119140625], [111.38841247558594, 119.17591857910156], [115.26693725585938, 80.72837829589844], [115.43169403076172, 98.61444091796875], [109.29847717285156, 100.59895324707031], [110.75572204589844, 98.88874053955078]], "resol": 224}, "143_00002068.jpg": {"prd_label": [[193.45823669433594, 155.82177734375], [162.98812866210938, 148.44992065429688], [151.71624755859375, 141.82913208007812], [128.7528839111328, 127.71247863769531], [106.41168975830078, 110.34471130371094], [132.04043579101562, 137.76226806640625], [100.35944366455078, 115.68218994140625], [84.36646270751953, 107.00257873535156], [86.0252914428711, 105.22636413574219], [136.20213317871094, 131.1366424560547], [96.75167846679688, 104.44347381591797], [86.44798278808594, 93.89839935302734], [81.42325592041016, 92.07750701904297], [140.64036560058594, 122.1112060546875], [98.22178649902344, 96.18940734863281], [91.1947250366211, 89.89156341552734], [97.3410873413086, 89.41390228271484], [144.8828582763672, 117.78521728515625], [119.36248016357422, 101.71361541748047], [106.79325866699219, 97.17239379882812], [109.07108306884766, 96.82707214355469]], "resol": 224}, "143_00004420.jpg": {"prd_label": [[118.78938293457031, 170.05746459960938], [115.9023208618164, 155.02999877929688], [114.9285888671875, 147.9369659423828], [116.16741180419922, 127.11787414550781], [110.06265258789062, 108.66238403320312], [116.78343200683594, 136.07911682128906], [112.83946228027344, 110.73380279541016], [110.89391326904297, 101.86760711669922], [109.78102111816406, 101.45317077636719], [116.32615661621094, 131.3334503173828], [110.89338684082031, 97.77993774414062], [105.8887939453125, 87.07183074951172], [98.97537231445312, 92.48050689697266], [116.45114135742188, 125.07666778564453], [108.33011627197266, 93.66452026367188], [109.72315979003906, 83.43610382080078], [107.9196548461914, 89.82890319824219], [115.36402893066406, 125.61962890625], [112.68535614013672, 106.52845001220703], [112.01654052734375, 100.53157806396484], [109.81116485595703, 103.5986557006836]], "resol": 224}, "synth1_5841.jpg": {"prd_label": [[49.185550689697266, 120.21099853515625], [69.80095672607422, 118.38136291503906], [78.54450988769531, 122.92635345458984], [101.48308563232422, 116.57611083984375], [113.20057678222656, 110.65159606933594], [103.31459045410156, 124.15187072753906], [125.15741729736328, 119.14518737792969], [135.04698181152344, 118.74610900878906], [129.78497314453125, 115.75395965576172], [97.50611114501953, 119.23184967041016], [123.05369567871094, 107.68684387207031], [124.46554565429688, 103.78134155273438], [113.7835922241211, 108.31452178955078], [93.55911254882812, 111.13243865966797], [120.0174560546875, 103.8659439086914], [129.01681518554688, 96.06904602050781], [123.2286148071289, 100.37895965576172], [89.41879272460938, 109.24818420410156], [107.9681625366211, 104.92191314697266], [114.01399993896484, 102.76728820800781], [110.0589828491211, 105.6341781616211]], "resol": 224}, "143_00005585.jpg": {"prd_label": [[176.18463134765625, 179.51226806640625], [152.2496795654297, 163.86447143554688], [143.35643005371094, 153.9565887451172], [126.34727478027344, 131.66004943847656], [109.5098876953125, 111.2457275390625], [128.53538513183594, 142.21234130859375], [103.26033020019531, 111.34351348876953], [90.190185546875, 99.59624481201172], [93.74282836914062, 101.080078125], [131.93087768554688, 136.1490936279297], [100.31884765625, 97.98422241210938], [90.39319610595703, 84.45069122314453], [86.71278381347656, 88.38622283935547], [135.47677612304688, 128.21240234375], [99.99490356445312, 91.12675476074219], [95.10643768310547, 81.57649230957031], [101.07109069824219, 86.94012451171875], [137.96971130371094, 126.41435241699219], [117.36677551269531, 103.55908203125], [108.3675765991211, 96.77791595458984], [111.38179016113281, 100.24168395996094]], "resol": 224},