{"pck_res": [0.0, 0.04952380806207657, 0.05523809418082237, 0.06142857298254967, 0.07857143133878708, 0.09904761612415314, 0.11571428924798965, 0.14047619700431824, 0.1609523743391037, 0.18095238506793976, 0.2085714340209961, 0.23380953073501587, 0.25761905312538147, 0.27666667103767395, 0.30571427941322327, 0.3257142901420593, 0.3499999940395355, 0.36047619581222534, 0.37809523940086365, 0.38952380418777466, 0.40761905908584595, 0.4233333468437195, 0.4404761791229248, 0.4580952525138855, 0.47285714745521545, 0.4866666793823242, 0.503333330154419, 0.526190459728241, 0.5480952262878418, 0.5657142996788025, 0.5819047689437866, 0.5938095450401306, 0.6047618985176086, 0.6171428561210632, 0.6299999952316284, 0.6438094973564148, 0.6595237851142883, 0.6709523797035217, 0.6842857003211975, 0.6976190209388733, 0.7157142758369446, 0.7352380752563477, 0.75, 0.7628571391105652, 0.7785714268684387, 0.7909523844718933, 0.7995238304138184, 0.8061904907226562, 0.8157142996788025, 0.8295238018035889, 0.8409523963928223, 0.8552380800247192, 0.8676190376281738, 0.8842856884002686, 0.8961904644966125, 0.9114285707473755, 0.930476188659668, 0.9438095092773438, 0.9495238065719604, 0.95333331823349, 0.9585714340209961, 0.9647619128227234, 0.9661904573440552, 0.9709523916244507, 0.9757142663002014, 0.9814285635948181, 0.9861904978752136, 0.9923809766769409, 0.9957143068313599, 0.9985714554786682, 0.9985714554786682, 0.9985714554786682, 0.9990476369857788, 0.9995238184928894, 1.0, 1.0, 1.0, 1.0, 1.0, 1.0, 1.0, 1.0, 1.0, 1.0, 1.0, 1.0, 1.0, 1.0, 1.0, 1.0, 1.0, 1.0, 1.0, 1.0, 1.0, 1.0, 1.0, 1.0, 1.0, 1.0, 1.0], "AUC": 0.7163130609263287}