{"0.0": 0.0, "0.05": 0.04761904761904754, "0.1": 0.0842857142857142, "0.15000000000000002": 0.2823809523809519, "0.2": 0.44238095238095204, "0.25": 0.6314285714285713, "0.30000000000000004": 0.7619047619047622, "0.35000000000000003": 0.8033333333333315, "0.4": 0.8290476190476174, "0.45": 0.8566666666666657, "0.5": 0.9052380952380945, "0.55": 0.9685714285714281, "0.6000000000000001": 0.999047619047619, "0.65": 1.0, "0.7000000000000001": 1.0, "0.75": 1.0, "0.8": 1.0, "0.8500000000000001": 1.0, "0.9": 1.0}