{"pck_res": [0.0, 0.06904762238264084, 0.1304761916399002, 0.23571428656578064, 0.39571428298950195, 0.5623809695243835, 0.6714285612106323, 0.7928571701049805, 0.868571400642395, 0.9095237851142883, 0.9223809242248535, 0.939047634601593, 0.9523809552192688, 0.9633333086967468, 0.9776190519332886, 0.9876190423965454, 1.0, 1.0, 1.0, 1.0], "AUC": 0.6939047558233142}