{"pck_res": [0.0, 0.1009523794054985, 0.21238094568252563, 0.33095237612724304, 0.4119047522544861, 0.4942857027053833, 0.5895237922668457, 0.6528571248054504, 0.7300000190734863, 0.7976190447807312, 0.854285717010498, 0.930476188659668, 0.9647619128227234, 0.988095223903656, 0.9985714554786682, 1.0, 1.0, 1.0, 1.0, 1.0], "AUC": 0.6778333304449916}