{"0.0": 0.0, "0.05": 0.04857142857142849, "0.1": 0.08714285714285701, "0.15000000000000002": 0.12190476190476172, "0.2": 0.17095238095238108, "0.25": 0.24761904761904735, "0.30000000000000004": 0.32809523809523744, "0.35000000000000003": 0.41285714285714326, "0.4": 0.4885714285714289, "0.45": 0.5519047619047618, "0.5": 0.5919047619047615, "0.55": 0.6685714285714286, "0.6000000000000001": 0.7671428571428569, "0.65": 0.8242857142857126, "0.7000000000000001": 0.8585714285714271, "0.75": 0.8942857142857126, "0.8": 0.9385714285714273, "0.8500000000000001": 0.9647619047619034, "0.9": 0.967142857142856}