{"pck_res": [0.0, 0.0476190485060215, 0.04952380806207657, 0.05476190522313118, 0.060952380299568176, 0.06857142597436905, 0.07666666805744171, 0.08428571373224258, 0.09904761612415314, 0.1128571406006813, 0.12714286148548126, 0.14476190507411957, 0.16523809731006622, 0.18714286386966705, 0.20952381193637848, 0.22952380776405334, 0.2504761815071106, 0.2804761826992035, 0.31380951404571533, 0.345714271068573, 0.38333332538604736, 0.4223809540271759, 0.46190476417541504, 0.4995238184928894, 0.5290476083755493, 0.5542857050895691, 0.5719047784805298, 0.5904762148857117, 0.6128571629524231, 0.6328571438789368, 0.6566666960716248], "AUC": 0.2740322551539829}