{"0.0": 0.0, "0.05": 0.06904761904761904, "0.1": 0.1304761904761905, "0.15000000000000002": 0.23571428571428585, "0.2": 0.39571428571428574, "0.25": 0.5623809523809521, "0.30000000000000004": 0.6714285714285712, "0.35000000000000003": 0.7928571428571426, "0.4": 0.8685714285714282, "0.45": 0.9095238095238091, "0.5": 0.9223809523809519, "0.55": 0.9390476190476187, "0.6000000000000001": 0.9523809523809521, "0.65": 0.9633333333333328, "0.7000000000000001": 0.9776190476190472, "0.75": 0.9876190476190474, "0.8": 1.0, "0.8500000000000001": 1.0, "0.9": 1.0}