{"pck_res": [0.0, 0.31904762983322144, 0.6714285612106323, 0.8380952477455139, 0.9190475940704346, 0.9523809552192688, 0.9857142567634583, 0.9904761910438538, 0.9904761910438538, 1.0, 1.0, 1.0, 1.0, 1.0, 1.0, 1.0, 1.0, 1.0, 1.0, 1.0], "AUC": 0.8583333283662796}