{"pck_res": [0.0, 0.06666667014360428, 0.08571428805589676, 0.1428571492433548, 0.22380952537059784, 0.3095238208770752, 0.3857142925262451, 0.43809524178504944, 0.5095238089561462, 0.5809524059295654, 0.6666666865348816, 0.6952381134033203, 0.7523809671401978, 0.776190459728241, 0.800000011920929, 0.8285714387893677, 0.8380952477455139, 0.8523809313774109, 0.8714285492897034, 0.8857142925262451, 0.9095237851142883, 0.9190475940704346, 0.9428571462631226, 0.9428571462631226, 0.9476190209388733, 0.9523809552192688, 0.9571428298950195, 0.961904764175415, 0.9666666388511658, 0.9714285731315613, 0.976190447807312, 0.9857142567634583, 0.9857142567634583, 0.9857142567634583, 0.9857142567634583, 0.9904761910438538, 0.9904761910438538, 0.9904761910438538, 0.9904761910438538, 0.9904761910438538, 0.9904761910438538, 0.9904761910438538, 0.9904761910438538, 1.0, 1.0, 1.0, 1.0, 1.0, 1.0, 1.0, 1.0, 1.0, 1.0, 1.0, 1.0, 1.0, 1.0, 1.0, 1.0, 1.0, 1.0, 1.0, 1.0, 1.0, 1.0, 1.0, 1.0, 1.0, 1.0, 1.0, 1.0, 1.0, 1.0, 1.0, 1.0, 1.0, 1.0, 1.0, 1.0, 1.0, 1.0, 1.0, 1.0, 1.0, 1.0, 1.0, 1.0, 1.0, 1.0, 1.0, 1.0, 1.0, 1.0, 1.0, 1.0, 1.0, 1.0, 1.0, 1.0, 1.0, 1.0], "AUC": 0.8962753405886712}