{"BB121123.png": {"prd_label": [[95.97520446777344, 111.8284683227539], [109.20982360839844, 101.26081085205078], [120.8470230102539, 99.85803985595703], [131.2688446044922, 102.88131713867188], [144.28671264648438, 106.81289672851562], [115.31684875488281, 99.76513671875], [127.01473999023438, 97.83545684814453], [137.66812133789062, 100.01929473876953], [147.63381958007812, 105.7878646850586], [112.1234359741211, 112.1754379272461], [124.25001525878906, 116.222900390625], [135.84190368652344, 119.50950622558594], [145.98870849609375, 121.77428436279297], [107.68949890136719, 125.53650665283203], [118.94790649414062, 130.71629333496094], [130.81735229492188, 134.26939392089844], [141.9813690185547, 135.66204833984375], [105.9183349609375, 135.7647247314453], [114.73365783691406, 139.2018585205078], [123.04276275634766, 141.66319274902344], [130.3679962158203, 143.0037841796875]], "resol": 224}, "SiBF140801.png": {"prd_label": [[166.84115600585938, 134.35531616210938], [142.12384033203125, 131.25515747070312], [120.10746002197266, 132.84535217285156], [102.65839385986328, 136.006103515625], [84.5033187866211, 142.9398651123047], [109.28618621826172, 110.76575469970703], [89.0331039428711, 108.64612579345703], [78.32266235351562, 114.66316223144531], [71.26570892333984, 124.94961547851562], [112.25453186035156, 112.07373809814453], [95.13143157958984, 114.76464080810547], [84.33301544189453, 122.15478515625], [77.38880920410156, 131.8289794921875], [123.5107421875, 120.83671569824219], [107.58287811279297, 124.71160888671875], [95.32707214355469, 131.9293670654297], [86.0412368774414, 140.39761352539062], [131.199462890625, 129.69766235351562], [120.31658935546875, 134.15858459472656], [110.3760986328125, 138.32696533203125], [104.03682708740234, 144.2254638671875]], "resol": 224}, "SiBF130108.png": {"prd_label": [[153.58636474609375, 130.95761108398438], [149.02865600585938, 125.79281616210938], [139.80809020996094, 126.06298828125], [129.745849609375, 129.3587188720703], [120.96551513671875, 135.4748992919922], [120.16352844238281, 109.11622619628906], [107.6999740600586, 103.73416137695312], [101.96990203857422, 106.75112915039062], [98.79161071777344, 114.49949645996094], [112.21965789794922, 111.9613037109375], [99.39094543457031, 110.14180755615234], [94.24993896484375, 114.68389129638672], [94.20398712158203, 121.65707397460938], [112.63057708740234, 121.39852142333984], [101.36235046386719, 121.31558227539062], [95.26261901855469, 125.55033874511719], [94.21086120605469, 131.3580322265625], [114.00657653808594, 129.78182983398438], [107.47869110107422, 132.60516357421875], [102.75720977783203, 135.5817413330078], [102.43073272705078, 140.1568603515625]], "resol": 224}, "ShSu140503.png": {"prd_label": [[141.6527862548828, 152.67385864257812], [111.4817123413086, 151.9212646484375], [92.02781677246094, 150.5211181640625], [80.17578887939453, 150.1077880859375], [67.78431701660156, 155.4881591796875], [95.64093017578125, 118.62252807617188], [83.49053955078125, 108.35797119140625], [79.22525024414062, 110.49398803710938], [78.72503662109375, 118.52550506591797], [112.2591781616211, 111.80873107910156], [107.95057678222656, 107.00376892089844], [103.77323913574219, 112.18490600585938], [98.73930358886719, 122.78289031982422], [133.27894592285156, 116.0357666015625], [128.69808959960938, 115.69364929199219], [122.73822021484375, 121.80416107177734], [114.77659606933594, 132.0384063720703], [147.20492553710938, 123.23477172851562], [143.0579376220703, 126.99433898925781], [137.00662231445312, 131.99049377441406], [130.7728271484375, 140.22581481933594]], "resol": 224}, "BB120824.png": {"prd_label": [[83.74457550048828, 94.26787567138672], [85.3880844116211, 83.9027099609375], [92.04625701904297, 73.56321716308594], [100.79924011230469, 65.6700439453125], [109.97825622558594, 53.95558547973633], [102.76028442382812, 103.89529418945312], [114.11058044433594, 99.31332397460938], [122.98787689208984, 89.12476348876953], [131.5103759765625, 75.93946838378906], [112.41368103027344, 112.36570739746094], [125.11337280273438, 98.48570251464844], [132.64549255371094, 84.22976684570312], [135.2622528076172, 68.55857849121094], [116.70771789550781, 110.98771667480469], [126.69821166992188, 97.94871520996094], [133.35794067382812, 81.000244140625], [135.90577697753906, 64.74061584472656], [119.67857360839844, 107.06033325195312], [125.1154556274414, 93.93205261230469], [129.34246826171875, 81.47474670410156], [129.9063720703125, 69.98001098632812]], "resol": 224}, "MDF110361.png": {"prd_label": [[115.44096374511719, 83.51750183105469], [103.308349609375, 82.4732437133789], [98.909423828125, 80.71810150146484], [97.96196746826172, 79.2842025756836], [98.67676544189453, 74.75985717773438], [100.52826690673828, 107.34117126464844], [100.75902557373047, 110.69757080078125], [105.53470611572266, 107.41410064697266], [113.26172637939453, 99.53641510009766], [112.08125305175781, 112.04808044433594], [118.44249725341797, 107.58343505859375], [122.82573699951172, 99.91751861572266], [124.7142333984375, 88.7903060913086], [124.76571655273438, 106.54714965820312], [129.1941375732422, 100.89190673828125], [132.74168395996094, 90.91636657714844], [133.85350036621094, 79.66459655761719], [134.01998901367188, 100.43875122070312], [135.71348571777344, 93.03286743164062], [136.67507934570312, 85.68245697021484], [136.3201904296875, 77.82767486572266]], "resol": 224}, "GPMF130386.png": {"prd_label": [[147.728271484375, 121.24886322021484], [148.12594604492188, 116.7811279296875], [144.37635803222656, 117.45681762695312], [138.7273712158203, 121.37618255615234], [134.61431884765625, 127.79149627685547], [121.52651977539062, 107.68264770507812], [111.29438781738281, 105.18672180175781], [107.2181625366211, 108.47591400146484], [105.64861297607422, 115.41688537597656], [112.19884490966797, 112.07556915283203], [100.78421783447266, 111.99494934082031], [97.75366973876953, 115.95042419433594], [100.67082214355469, 121.25447082519531], [111.37129211425781, 120.82160186767578], [101.86048889160156, 121.68110656738281], [98.52710723876953, 125.35535430908203], [100.90422058105469, 129.5345458984375], [112.17050170898438, 127.99554443359375], [107.54010009765625, 130.9114227294922], [105.34364318847656, 133.55662536621094], [107.59600067138672, 136.7306365966797]], "resol": 224}, "ABF120707.png": {"prd_label": [[128.859130859375, 82.7221908569336], [122.97080993652344, 71.14473724365234], [124.47932434082031, 66.86921691894531], [128.67684936523438, 66.26316833496094], [135.7547149658203, 63.33116912841797], [106.73918914794922, 95.65438842773438], [104.10725402832031, 100.1657485961914], [109.81712341308594, 99.61443328857422], [120.11140441894531, 97.5289306640625], [112.08251190185547, 112.2201919555664], [114.92230987548828, 116.84148406982422], [122.41771697998047, 113.63329315185547], [131.17132568359375, 104.99262237548828], [124.73458862304688, 119.4250717163086], [128.42857360839844, 122.5689697265625], [135.3232879638672, 117.7326431274414], [142.21246337890625, 108.58922576904297], [135.7234649658203, 122.05374145507812], [140.4442596435547, 119.10675811767578], [145.0308837890625, 114.41572570800781], [150.2860565185547, 106.78604888916016]], "resol": 224},